Price,Close,High,Low,Open,Volume,SMA_10,SMA_30,RSI,Volatility,MACD
Ticker,AAPL,AAPL,AAPL,AAPL,AAPL,,,,,
Date,,,,,,,,,,
2020-02-13,78.92581939697266,79.25379778682812,78.55654436332367,78.76061799356015,94747600,0.15772928595293378,0.1224716284753481,0.6059472441021476,0.128581550475401,0.5457085854057151
2020-02-14,78.94525146484375,79.19548537647773,78.43506373229454,78.89422750170591,80113600,0.1611103276328114,0.12434889971723406,0.6984641628320418,0.09671500750340309,0.5463998243879284
2020-02-18,77.4997329711914,77.68194237472869,76.43319703704242,76.6154064405797,152531200,0.163424748279977,0.12600093316096173,0.5678387064653324,0.022140493582895632,0.5377594001588603
2020-02-19,78.62213134765625,78.85293286069638,77.74266859542944,77.74266859542944,93984000,0.16457976912437688,0.12782025989235613,0.5490069666397136,0.012319023159216888,0.536660832586425
2020-02-20,77.8155517578125,78.87236767412692,77.3077958277377,78.3816197327152,100566000,0.16449845311490308,0.12949767171804039,0.5226603710575102,0.013351850341588214,0.530400285752724
2020-02-21,76.05419158935547,77.85199672111999,75.43468266835458,77.40740168585418,129554000,0.1621172911023,0.13028220983169247,0.5929481129173091,0.051934400826797816,0.5146808998752302
2020-02-24,72.44158935546875,73.8992644068107,70.26722851902157,72.21808333283613,222195200,0.15754940070672185,0.12948735592750393,0.4674081258781772,0.19273376882091647,0.48109316881625663
2020-02-25,69.98783111572266,73.49840130839426,69.51409119791701,73.11455016100783,230673600,0.15055226510353137,0.12789161562928908,0.2985184685357757,0.3357836792772982,0.4405471772849993
2020-02-26,71.09810638427734,72.3687159357965,69.6039907873723,69.6112788668062,198054800,0.14491610582134318,0.1261442595295449,0.3213637868313341,0.39445475695485716,0.41548954603133215
2020-02-27,66.4505386352539,69.48250516613125,66.3144895679182,68.29207211988479,320605600,0.13369392534548252,0.12329474890334602,0.20833868322003285,0.5119926269402095,0.3697692931820199
2020-02-28,66.41167449951172,67.6385554997623,62.2840268493113,62.50025221622377,426510000,0.12292540364328941,0.12053252304805617,0.22084989530817017,0.5704483322696692,0.3348617097821873
2020-03-02,72.59465026855469,73.23359905284,67.47092308130068,68.57875558588971,341397200,0.11746066055740034,0.1193693029545918,0.4244639312972072,0.519894000280962,0.3445723267076716
2020-03-03,70.28909301757812,73.85553621045779,69.43391890589473,73.77536734454684,319475600,0.11125584724706872,0.11724399156879184,0.394127034020252,0.48721095197992076,0.3403568562313509
2020-03-04,73.5494155883789,73.70976072017585,71.21470980381075,72.01885987940881,219178400,0.1068907347930873,0.11627383677073555,0.42986844983289685,0.40926597763181144,0.35725864080811476
2020-03-05,71.1636962890625,72.7744209254937,70.79684571065036,71.79534952023471,187572800,0.10116675999800395,0.11449174610692014,0.40258320482466337,0.31686509697300147,0.35807211425454555
2020-03-06,70.2186279296875,70.65350301025936,68.32365355677196,68.51071916341945,226176800,0.09614521082875827,0.1123079242279913,0.3891816497917501,0.2396588647046351,0.35454908711200306
2020-03-09,64.6648941040039,67.56080421303677,63.8947525693777,64.0769619398227,286744800,0.08945330241049054,0.10849669963121511,0.3407684246036333,0.30360343012131363,0.3211885798418351
2020-03-10,69.32215881347656,69.58940069608109,65.44231380372885,67.33000755448958,285290000,0.08888048607409504,0.10679984641839868,0.4113897951530084,0.3034493548217693,0.3235008093273015
2020-03-11,66.9145736694336,68.3212322165363,66.04725520576122,67.39075287348057,255598800,0.0852805227365464,0.10372129449755352,0.3940072560376387,0.31106494410880076,0.313142789354608
2020-03-12,60.30644607543945,65.59537815986118,60.25056956905768,62.17956017177718,418474000,0.07999348198284151,0.09813333045140249,0.3487336185101602,0.4530614239365502,0.2688408496505855
2020-03-13,67.53166961669922,68.00541706978933,61.45316238600461,64.35394062468555,370732000,0.08095724673261928,0.0947858971823714,0.4907664431054924,0.4463506440355585,0.27793205064651066
2020-03-16,58.843929290771484,62.94242181547155,58.30701720952722,58.78076098294256,322423600,0.06912464143011021,0.0898487526112427,0.4320026420005607,0.5505245533013181,0.23732050129161633
2020-03-17,61.4312858581543,62.585274902506356,57.91828734590941,60.13152411847769,324056000,0.06150242757437574,0.0857643785050346,0.4500469098374429,0.5767228254260577,0.22301437103318494
2020-03-18,59.927452087402344,60.73646220887165,57.60731848961155,58.25112721326127,300233600,0.049780619109738855,0.08046692775663111,0.478234298920919,0.5339214003889521,0.2059741124479037
2020-03-19,59.46827697753906,61.426419675647786,58.941084997822024,60.102365710205,271857200,0.03971661731781917,0.07483691446133789,0.4742783075595011,0.5007987115523096,0.1929882340552458
2020-03-20,55.69289779663086,61.181042654095215,55.391643663219554,60.0513424340969,401693200,0.027217110443021997,0.0677761238442679,0.3594538241908601,0.5095481612011035,0.16427288300375714
2020-03-23,54.50975036621094,55.5131177507659,51.652708966620814,55.411080955108275,336752800,0.01847852809278061,0.06068121705156382,0.3681439020806126,0.5826972021055825,0.13845534034456786
2020-03-24,59.97846984863281,60.17525538486383,56.92221075272987,57.422678587356735,287531200,0.01043820906012527,0.055143097908410654,0.39980233922282904,0.4710292829629485,0.15342211912699305
2020-03-25,59.6480712890625,62.740771189079894,59.35167702986198,60.91867715648319,303602000,0.00418532568509411,0.049648000433128114,0.4172815673247671,0.38193410438868686,0.16685177608225077
2020-03-26,62.786922454833984,62.8452270829615,59.852136310832755,59.891008534290606,252087200,0.00631979543449801,0.04454821155105693,0.46730044445774915,0.39930235723662666,0.19885741630785697
2020-03-27,60.187408447265625,62.162555760268454,60.01977521141477,61.404565866396354,204216800,0.0,0.03882763870465733,0.49673986131920106,0.24853648019037622,0.2120811332608421
2020-03-30,61.905029296875,62.07752247549457,60.59069140429655,60.9162416493631,167976400,0.002634101020757562,0.033625498966537326,0.4574394741874491,0.26583525571245475,0.23524400367987525
2020-03-31,61.7786979675293,63.77085317683828,61.2223536075195,62.09696014187927,197002000,0.002933051917527796,0.02882608848287238,0.48229088211551524,0.2698088722580091,0.2553351692823533
2020-04-01,58.52809143066406,60.42549811462956,58.0956480712456,59.88615797745644,176218400,0.0017288908881682996,0.022691661213018244,0.5237711489078836,0.2720746921371138,0.25483956966531174
2020-04-02,59.504730224609375,59.55817861263245,57.553875182946484,58.38960956978753,165934000,0.0017602591986207727,0.01710162539091742,0.41721600032479006,0.27208204608372055,0.2625089393056429
2020-04-03,58.64955520629883,59.691791212482975,58.05676677284577,58.987249770331935,129880000,0.004304486530399609,0.011788235127378144,0.5444727868270887,0.229613490691514,0.2659628814922257
2020-04-06,63.7659912109375,63.92147268414862,60.58583124007948,60.95510622630932,201820400,0.012269555756774575,0.00913969724948216,0.5933826754324061,0.15859700534567017,0.3003859614012767
2020-04-07,63.027442932128906,66.00839339127049,62.92297799130032,65.78973618510182,202887200,0.014893221463705308,0.007014788806053662,0.60961262502188,0.1750207480592228,0.32503924491202774
2020-04-08,64.64059448242188,64.95642107483819,63.464737632864384,63.83158077024564,168895200,0.01918932757378411,0.005043401406118697,0.6466306453826194,0.2080628622954842,0.35526938103623346
2020-04-09,65.10706329345703,65.61239487021291,64.3077766952038,65.2795602045284,161834800,0.02118582730888996,0.004633257313286121,0.7484903977417967,0.2430588981900153,0.3829358291763473
2020-04-13,66.38493347167969,66.49426203682228,64.5822725466692,65.18478074186199,131022800,0.026518847125436062,0.004625093654259116,0.7998966236503275,0.28753316268148976,0.4129404849607784
2020-04-14,69.73760986328125,70.0291478764634,67.55109700677416,68.02484442466522,194994800,0.033258845303868134,0.0037528794730599113,0.7722086223267186,0.3995001272127842,0.4563563847856986
2020-04-15,69.10108947753906,69.56268513070003,68.17789817121714,68.60790967618321,131154400,0.039559821721641075,0.0033901987307699555,0.762628770582148,0.4547311680597453,0.48686410755590775
2020-04-16,69.65015411376953,70.01700476078703,68.59576989662524,69.81778736213384,157125200,0.04913044555231716,0.0021998091415710297,0.721270831514676,0.44193782945208043,0.5137229553067155
2020-04-17,68.70508575439453,69.71331699752928,67.26198676311418,69.16425698531064,215250000,0.057047425018528,0.0014492299861537106,0.7793107752203555,0.3946897025238726,0.5288320494447853
2020-04-20,67.27899932861328,68.43299223390707,67.25956692084206,67.52680886594457,130015200,0.06447313065566351,0.0005518027924104052,0.6961289740156252,0.2555469765687635,0.5317995192971844
2020-04-21,65.19937896728516,67.35673938059448,64.48511754898358,67.12108160089471,180991600,0.06570657227619481,0.000714973490497095,0.6346048761772801,0.2354769232501726,0.5214654824877254
2020-04-22,67.07736206054688,67.51466169917224,66.1298745674451,66.47242174970017,116862400,0.06919156005473215,2.966867009579488e-05,0.7771103343052262,0.17932976114071641,0.5235670717467096
2020-04-23,66.81739044189453,68.44998669440024,66.77851821991604,67.02146404669297,124814400,0.07106471037566076,0.0,0.7506599915805892,0.15020362844594926,0.5231036414014589
2020-04-24,68.74637603759766,68.7560959459344,67.29598925775215,67.3445813853182,126161200,0.07419636807880114,0.0025765917022857465,0.8141551511463634,0.1251798082166377,0.533212989237485
2020-04-27,68.79499053955078,69.12782522068554,68.01270448166582,68.46214844429589,117087600,0.07627024144782046,0.0029622657803572983,0.719816770150119,0.11570075271839902,0.5406865672082258
2020-04-28,67.67985534667969,69.44121285588518,67.58754214647125,69.25900345838117,112004800,0.07449952723990794,0.005659749510641854,0.7035965893531868,0.10059373439934347,0.5393233384711505
2020-04-29,69.90282440185547,70.37414002699974,68.96991306323223,69.17398672348229,137280800,0.07518942655006045,0.008245990867520758,0.718039827841398,0.11373926426152922,0.5502320218295615
2020-04-30,71.37747955322266,71.55483267240312,70.05342927151027,70.44456848623724,183064000,0.07667580389616868,0.011741522926631998,0.7399054835821554,0.15266227802712554,0.5663315360790172
2020-05-01,70.2283706665039,72.64082159078217,69.44608459896145,69.54326147278059,240616800,0.07798660273772606,0.015026427924553887,0.6666304607027358,0.16800461683596055,0.5712390659540163
2020-05-04,71.22200775146484,71.35076875806811,69.5602589927265,70.25265616239726,133568000,0.08137959299965147,0.019767246394956972,0.600590117126061,0.19019030101566042,0.5796336318027541
2020-05-05,72.29095458984375,73.12668876890349,71.53782109644345,71.68359006518509,147751200,0.08748195050150198,0.02519559751453726,0.6575663563771659,0.17350717245041652,0.5910972498206482
2020-05-06,73.03679656982422,73.67088154496368,72.60920959206076,72.99549252187859,142333600,0.09261009152686062,0.02918212067603465,0.6629780098387353,0.18896240240190926,0.6029782874412701
2020-05-07,73.7923583984375,74.13977654354584,73.3623469812468,73.66602924556396,115215200,0.09861210720013092,0.03350017224330648,0.7223420955803982,0.18622348086535373,0.6151068142670926
2020-05-08,75.54874420166016,75.60233726161975,74.12610085040929,74.45496701678917,133838400,0.10446559937248678,0.03739617661376393,0.8257269949531351,0.23654799079267935,0.6330414769246362
2020-05-11,76.7375259399414,77.23447163035509,74.84472235640838,75.05422519130572,145946400,0.11130021456436423,0.04244869429989162,0.9560474596590046,0.2815379888235211,0.6520594307188156
2020-05-12,75.86056518554688,77.87760182453242,75.73876343818256,77.42449545855905,162301200,0.11833978076413398,0.046709122778910483,0.8786721098821584,0.24318585578806678,0.6598402172630949
2020-05-13,74.94461822509766,76.96653181484587,73.86301804797671,76.04083401805624,200622400,0.12267828464501696,0.05072849273111468,0.8416786994505415,0.21681411982534438,0.6585042817711944
2020-05-14,75.40502166748047,75.46592253617749,73.45375545548762,74.17969648666386,158929200,0.12614401682402365,0.05588078174337063,0.8125843912479797,0.20834374907402137,0.6579489589472078
2020-05-15,74.95922088623047,75.00550613978024,73.13219488038561,73.16630293423822,166348400,0.13021495124889892,0.060598819994911124,0.7865790744161886,0.15319806766575203,0.6528047631153624
2020-05-18,76.72535705566406,77.10050853103726,75.59504066999202,76.28931213886284,135178400,0.1349506273100769,0.06611710761886747,0.8834684668904094,0.11908201106030222,0.6568330824416382
2020-05-19,76.28199768066406,77.59257816496145,76.25032803863408,76.7424043944102,101729600,0.13838495178770116,0.0699380680486631,0.8146788474353767,0.08235204802139948,0.6553068034042835
2020-05-20,77.76555633544922,77.83619600542188,77.1053854269129,77.1443628832028,111504800,0.14245408736011433,0.07443740641670704,0.8148814159174345,0.07258382844441685,0.6605175493468008
2020-05-21,77.18577575683594,78.1699360459229,76.94704163415062,77.62669752734837,102688800,0.1453741501185315,0.07826727350331264,0.8508687475301548,0.049567724504631955,0.6590918471364123
2020-05-22,77.68272399902344,77.76554829725728,76.82036552394693,76.92267483121685,81803200,0.14721045678976175,0.08210644553080637,0.8400249056542186,0.06107025483808151,0.6586694744213503
2020-05-26,77.15653228759766,78.98598935270707,77.10050081133224,78.80572515787038,125522000,0.14757101510078208,0.08539486288188458,0.7776348072754695,0.06439359428110425,0.653159327280674
2020-05-27,77.49270629882812,77.63886988657548,76.26981939752606,77.01281453766303,112945200,0.14897548557346918,0.08776238455752017,0.7654893583568461,0.06876665662194989,0.6486807347799567
2020-05-28,77.52681732177734,78.79112013772229,76.88857731287194,77.16628144944023,133560800,0.15119748853410464,0.09033464055330698,0.7419614546077934,0.05224992246266233,0.6433258101428223
2020-05-29,77.45128631591797,78.2332513575919,77.09318892472729,77.77040626057638,153532400,0.15295831561863038,0.09271621629986093,0.6642810881231236,0.036118692463494764,0.6367153532625103
2020-06-01,78.4037857055664,78.52558745206125,77.27346192968375,77.40500989747099,80791200,0.15592239117597473,0.0956770927442383,0.6524569923606872,0.0,0.6351033213614334
2020-06-02,78.76675415039062,78.79111598702812,77.69246183211925,78.1358219826799,87642800,0.15767902969162895,0.09918414243356011,0.7402744206962976,0.013124912267358277,0.6340385274215912
2020-06-03,79.20036315917969,79.46345908381795,78.51339955329883,79.08830763863511,104491200,0.16019030651060706,0.10345844563920481,0.8454366923033607,0.014612946985639697,0.6338204962326864
2020-06-04,78.51829528808594,79.3221840014377,78.14314375256639,79.02255640324537,87560400,0.16083804439553429,0.10695120135550273,0.7601486031464646,0.01838011988550231,0.6278580047394218
2020-06-05,80.75454711914062,80.81544798423802,78.73994917802648,78.7691804038032,137250400,0.1639090006758105,0.11120601892022897,0.8746906589333696,0.06761823809306566,0.6342306541058207
2020-06-08,81.23200225830078,81.26611030883014,79.73628097969248,80.45003728556084,95654400,0.16696318298513513,0.11501770468804295,0.8380024174454287,0.10866422290648012,0.6400894175968542
2020-06-09,83.79716491699219,84.19180139437105,80.87879976817435,80.9104694123917,147712400,0.17267750043725572,0.11959765715097492,0.9401371809055684,0.193121714543321,0.6574741730353628
2020-06-10,85.95305633544922,86.423209296877,84.30873274320918,84.74965447468956,166651600,0.1799576992621862,0.12517620795091822,0.9510963195373775,0.2946304454989845,0.681339590640554
2020-06-11,81.82640075683594,85.51943010387768,81.7240914667439,85.0931240487231,201662400,0.1836575251720023,0.12881630781377984,0.7243669281352922,0.2786098198282926,0.6739127453604163
2020-06-12,82.5328598022461,84.72529122191342,81.41715908416947,83.97499574044802,200146000,0.18803025977090537,0.13222188822906167,0.7298480898114756,0.25415170294638206,0.6698235129389719
2020-06-15,83.55355834960938,84.20885233004024,81.01764513591078,81.1808627446549,138808800,0.19246168029009625,0.13628988028226952,0.7803579478040248,0.2425709656918612,0.6702013514095214
2020-06-16,85.76790618896484,86.04074831926326,83.97498822355983,85.61687322748851,165428800,0.19848622757522782,0.14073053812947878,0.8172048419913258,0.2552246721849083,0.6809330963732597
2020-06-17,85.64856719970703,86.5766960865549,85.5267654304704,86.5157952019366,114406400,0.20403495868866384,0.1448084290559717,0.8109833418941266,0.24716491985751943,0.6862458742448372
2020-06-18,85.68266296386719,86.1016612872621,85.071215791131,85.60470805854047,96820400,0.2101999543340951,0.14866903389098796,0.8151350552190304,0.19000492092363658,0.6881340707513267
2020-06-19,85.19302368164062,86.85927087357204,84.0797538062018,86.39155627628752,264476000,0.21401929889016258,0.15214949637123898,0.7742027790188446,0.15837677351512505,0.6843084396631852
2020-06-22,87.42198944091797,87.5657146180658,85.54137006793363,85.58765532903756,135445200,0.21934583233359706,0.1557742308536153,0.8086823978405477,0.15315632923367448,0.6916700939068567
2020-06-23,89.28797149658203,90.71305315419569,88.25021842917943,88.6716550705198,212155600,0.22407071528000233,0.15960570505141314,0.8309772025295779,0.2155082155712349,0.7056272203262525
2020-06-24,87.71188354492188,89.83854496849224,87.33673203943316,88.91528553845141,192623200,0.22558420015098668,0.16322374556630193,0.7953984615367504,0.23203765729937537,0.7048155253376086
2020-06-25,88.87629699707031,88.915274447835,87.10530228917064,87.86778240746746,137522400,0.23165069221122947,0.16747689080372952,0.7778860195735825,0.2107895674186035,0.7081882107493322
2020-06-26,86.14549255371094,88.99321758938132,85.99689057767071,88.77153754918204,205256800,0.2347593915674353,0.17075580523645395,0.6736967196316778,0.15682073966985496,0.6924200038302637
2020-06-29,88.13087463378906,88.22588356795558,85.57303786343928,86.05293705962484,130646000,0.23869820881366932,0.17477692554236957,0.6617836356389559,0.11900005062707858,0.6889329368663932
2020-06-30,88.86654663085938,89.15400438756762,87.69725289921185,87.71673790659106,140223200,0.24136461367946282,0.17848345965528156,0.6298221358948625,0.12431331124897355,0.6879271044139178
2020-07-01,88.69844818115234,89.49015938981478,88.64973195190088,88.94449004339968,110737200,0.24398906063983516,0.18227402705037155,0.7847921791491157,0.1160477855009849,0.6836839127895893
2020-07-02,88.69844818115234,90.2477699814199,88.5839616970271,89.60953013498354,114041600,0.24658416792264104,0.1856116848908903,0.7696731669664347,0.09820104877463673,0.6779185301543263
2020-07-06,91.07115936279297,91.5413122788703,90.10161486932252,90.13328451010696,118655600,0.2516423506566261,0.18985069686641332,0.7975515830354336,0.0939243155858937,0.6846591759670084
2020-07-07,90.7885971069336,92.23316420656545,90.67654156851252,91.45119898339688,112424400,0.25453934346047435,0.19385173526986654,0.7352381339847366,0.11019170908982348,0.6858647272364456
2020-07-08,92.9030532836914,92.93472292396123,91.68259753162141,91.77029864576771,117092000,0.2576501502314259,0.1986589262679338,0.7879789175034078,0.17658991540795838,0.6964925159465499
2020-07-09,93.30257415771484,93.85311298440196,92.25020530715545,93.79951991976638,125642800,0.2624609841867148,0.20348545617068015,0.7949663222038952,0.217665466903038,0.704527752985533
2020-07-10,93.46578979492188,93.52425969060765,92.28188034447685,92.89575849276069,90257200,0.26641027942028295,0.20835139989312823,0.8209887510566009,0.2517383093232302,0.7090824760126876
2020-07-13,93.03461456298828,97.39755418632491,92.82024229124636,94.77637811960794,191649200,0.2723384239698168,0.2131087704442376,0.7541646479379368,0.21002010972030616,0.7074431934750515
2020-07-14,94.57418823242188,94.76662964226465,91.47555145597293,92.41341897123698,170989200,0.2778829468189161,0.218045366501329,0.7462421770989935,0.2158103571786006,0.712293103412309
2020-07-15,95.224609375,96.70815384014621,94.02120745599402,96.45724252536823,153198000,0.28335411062636706,0.2230697178169534,0.8471582886014513,0.2235946195061973,0.717063050500546
2020-07-16,94.05286407470703,94.91278403772657,93.45116319854178,94.0918415225212,110577600,0.2879616282973515,0.22760397708080105,0.7541986216053581,0.18410264201016818,0.711246338395543
2020-07-17,93.86286926269531,94.66188849020998,93.38783943733658,94.50598610723088,92186800,0.29240565391408724,0.23228845931647812,0.9189693106812112,0.10830498072466221,0.7028423825190231
2020-07-20,95.84093475341797,95.97979054933192,93.60465613852993,93.95057642119791,90318000,0.29651008375962584,0.23689412090019157,0.9188401142279107,0.10778132573878649,0.704964215315653
2020-07-21,94.51815032958984,96.71058165166797,94.26723904231955,96.63506516753144,103433200,0.29971939411576587,0.24095019470996415,0.8075116761070907,0.05039134045858282,0.6963428202649408
2020-07-22,94.78369140625,95.4682166933375,94.13083576579898,94.21852946338672,89001600,0.3013376982510211,0.24430422645146987,0.8252727050242372,0.04060158889420644,0.6885286839718517
2020-07-23,90.46946716308594,94.59367254925417,89.65583238188394,94.51571764664843,197004400,0.29889978703884656,0.24568302304276612,0.6088755008683628,0.11904591910779047,0.6551220320136153
2020-07-24,90.24534606933594,90.59126629328685,86.86412846693426,88.65949241794259,185438800,0.2961285694739373,0.24825320842717635,0.5163939482383988,0.17398557635159884,0.6255455396882847
2020-07-27,92.38417053222656,92.47674103323078,91.08820582072967,91.31231683287815,121214000,0.2955688571868643,0.25126067479210046,0.6038387209293942,0.1785612662160435,0.6128837540893313
2020-07-28,90.86654663085938,92.13084942839727,90.8616698028327,91.95301619177205,103625600,0.29237840195580167,0.25349322707735233,0.4753841598216532,0.197284290442637,0.5926096096106361
2020-07-29,92.6082992553711,92.79344027792474,91.31476537959648,91.35130441452465,90329200,0.2901270461872899,0.2555815027021857,0.5254991163022755,0.18162490915218443,0.5853298642848809
2020-07-30,93.72888946533203,93.83363719107348,91.3683708441203,91.77762295924211,158130000,0.2898482634465912,0.2580483112414452,0.5568267855966748,0.17932183132815332,0.5847448529188004
2020-07-31,103.54121398925781,103.69224694100457,98.2452698532813,100.25256736598999,374336800,0.298176556436905,0.26350027524981745,0.7684556203119947,0.4369409060253821,0.6393519118761438
2020-08-03,106.15022277832031,108.78113754648273,105.13196195503649,105.43158949553171,308151200,0.3070477811781852,0.26989821285567017,0.7819221769630186,0.6490897512427989,0.6951901083582339
2020-08-04,106.85911560058594,107.95533138544933,105.6142978102183,106.34023893961368,173071600,0.3176672804276862,0.2758320936110593,0.7826299418070853,0.8023362859261411,0.7404390108188084
2020-08-05,107.24642944335938,107.56798781328907,106.11123636225952,106.57895830344707,121776800,0.3283915661156832,0.28131455779488324,0.8213481781104838,0.9117008690998123,0.7750280991805292
2020-08-06,110.98818969726562,111.48514293061744,106.98822429560298,107.58017903042834,202428800,0.34604809084998,0.2884204861095604,0.863198329500995,1.0,0.8201450019151042
2020-08-07,108.46478271484375,110.96622042952936,107.66432294404805,110.50741895463568,198045600,0.361726061700285,0.2944005748054448,0.7765891441656871,0.966091857241985,0.8369981645219358
2020-08-10,110.04130554199219,111.06384515107565,107.37879853018043,109.91684136955703,212403600,0.37692016749889967,0.3016956298285357,0.8267870497373656,0.934306646802691,0.8550723468672294
2020-08-11,106.7686767578125,109.80212560376098,106.50754929237706,109.30184106884684,187902400,0.3906040775691705,0.3073854882179913,0.7452667091209311,0.767285258208833,0.8460353444115372
2020-08-12,110.31707000732422,110.57575468715021,107.66920508325637,107.8644362745087,165598000,0.40584261633663055,0.3139340307757251,0.8814689625956278,0.581706736462652,0.8550520300920184
2020-08-13,112.26939392089844,113.27729135692857,111.21268497099322,111.70321312934962,210082000,0.42179686860359,0.32112990840508493,0.9005571552891024,0.2722886722302609,0.8689400269973051
2020-08-14,112.16935729980469,112.25965191516508,110.35123604518499,112.09370465193015,165565200,0.42922145488180286,0.32829524626349993,0.8833999970937562,0.2293830612623705,0.8746940286436993
2020-08-17,111.87651062011719,113.32124690635658,111.2468836328708,113.29684114303221,119561600,0.43414897133639563,0.33464682686347147,0.9171729541460685,0.21451091946707274,0.8729018373711238
2020-08-18,112.80873107910156,113.23580577761628,111.29078528133417,111.6275653780633,105633600,0.43926866300730616,0.34136926351049324,0.9117764094710861,0.2079609760209381,0.872256699040284
2020-08-19,112.95027923583984,114.37060953313465,112.85510645586433,113.21872769457819,145538000,0.4441768713411284,0.34748939913647003,0.904880455188654,0.18859895935654347,0.8679746219921516
2020-08-20,115.45660400390625,115.57130437194682,112.97468644336531,112.99177121995677,126907200,0.44802197756530293,0.35425271230729305,0.8358699082770553,0.2508961035219472,0.8744792262166287
2020-08-21,121.4063720703125,121.8920146880567,116.40837460528758,116.42057376195339,338054800,0.45915831863991474,0.3627825784045936,0.8719538451636801,0.4298258392456738,0.9091458565658748
2020-08-24,122.85842895507812,125.71617466653899,120.98418258863119,125.63075077449842,345937600,0.47018755577632565,0.3718873687331521,0.8788256348891843,0.5680022133588913,0.9396391175627634
2020-08-25,121.85054016113281,122.19708413757137,120.12027798481839,121.72608342497273,211495600,0.4831656197750188,0.38021445466434534,0.8435718050917642,0.5527437924966541,0.9523809926176209
2020-08-26,123.50757598876953,123.96637748179133,122.1018875756972,123.17323866286968,163022400,0.49451615559572204,0.3888488458760977,0.8210478224899712,0.5866106399311533,0.9663817815815969
2020-08-27,122.03113555908203,124.44715723049082,120.8816888747977,124.11281986347238,155552400,0.5029162122950266,0.39739021795787566,0.8557891647428505,0.5850917596901266,0.9632052796026336
2020-08-28,121.83344268798828,123.429476621527,121.60892012172948,123.00972286968064,187630000,0.5112322350106993,0.4059292399306783,0.8306452643005794,0.5510128441479853,0.9539543065924497
2020-08-31,125.965087890625,127.8783894314197,122.99753487296857,124.53988670086144,225702700,0.5233555683533768,0.41512571944647103,0.9922128147447246,0.5315049147562405,0.9649247061952333
2020-09-01,130.9826202392578,131.5878564000405,127.41960197636358,129.59645917907037,151948100,0.5389943452285035,0.42625780834042615,0.9999999999999999,0.5826337913341786,0.9967030991757151
2020-09-02,128.2688446044922,134.69205062860914,123.9736987933479,134.3113445903267,200119000,0.5521760931601793,0.4364803538197367,0.8884140579247721,0.4832844935885538,1.0
2020-09-03,117.99954223632812,125.7698621363214,117.6285999549482,123.88585934482386,257599600,0.5543643118333328,0.44488489785209995,0.639025575580685,0.4197107656675951,0.9375328550167112
2020-09-04,118.0776138305664,120.75231961845927,108.24757460901345,117.20882245295603,332607200,0.5514998887632967,0.4533816970543346,0.6453328152444056,0.46639366878000005,0.8837061267181696
2020-09-08,110.13159942626953,116.15457202546442,109.99493609758322,111.23466984997847,231366600,0.5405483502359705,0.45879973704167176,0.5133368894504771,0.6985734411365796,0.7911582420349936
2020-09-09,114.52436065673828,116.30099125669896,112.51345114458287,114.46579279058768,176940500,0.5342441142187542,0.4660221343348495,0.5674403662396487,0.7604016221078824,0.7402230529900815
2020-09-10,110.78562927246094,117.62858911457678,109.81922220240571,117.4919257894212,182274400,0.5232967773906094,0.4715714170779216,0.49384921464150994,0.859115258120178,0.6757496096612645
2020-09-11,109.33113861083984,112.48417383164686,107.37879684993199,111.83989747570273,180860300,0.5123683285133169,0.4763345639127362,0.3931910253309461,0.9528773841180682,0.6145286117426842
2020-09-14,112.61106872558594,113.16748580661752,110.11207375780796,111.98631998364145,140150100,0.5044324020098592,0.4791034627731937,0.42179540081548184,0.9719106082232647,0.5837561409834207
2020-09-15,112.78678894042969,115.9983921595148,110.90277876776254,115.51030669973152,184642000,0.49309237043710974,0.48112951291598305,0.4344302309154317,0.917733161985191,0.5593541271636657
2020-09-16,109.45805358886719,113.23583811040857,109.37020177207485,112.4841897033411,154679000,0.4745703088017149,0.4819229320658319,0.3777937864702634,0.693314537866152,0.52008568940813
2020-09-17,107.71067810058594,109.52635631028035,106.11952244266742,107.10545699574902,178011000,0.4568798422162167,0.48206466063980946,0.37547381931947443,0.3974603071268346,0.47870331759542334
2020-09-18,104.29409790039062,108.23782932536304,103.561969707706,107.76927145269701,287104900,0.44508619782588466,0.48002104873123896,0.3497719378231479,0.42518687726670906,0.4265455465030162
2020-09-21,107.45690155029297,107.56428095218615,100.64322494173089,102.04891351371927,195713800,0.4359469900238334,0.47971335681233496,0.33478569115624013,0.31841347282871796,0.4043431761698286
2020-09-22,109.14566802978516,110.17065047339322,106.55882105346654,109.9949394101345,183055400,0.43509858817721037,0.4794399312990244,0.27862651092462726,0.31948092749107554,0.397393755633253
2020-09-23,104.56742858886719,109.43851925260384,104.2257628187344,108.96019760104794,150718700,0.42653056855312177,0.4787679212477317,0.26666973583975007,0.3079534742053938,0.36646540800289945
2020-09-24,105.6412124633789,107.62283813261864,102.49794107868442,102.6638883387229,167743300,0.4221037567727206,0.47734044782048557,0.3678343456461634,0.3167685105482048,0.34957753532040603
2020-09-25,109.60445404052734,109.76064494024808,105.10430614671344,105.84619802520297,149981400,0.4223389468844102,0.47652687922292125,0.43559832465012527,0.3183182516795374,0.36048449404594834
2020-09-28,112.22058868408203,112.57201075038351,110.09253614818611,112.26940020068739,137672400,0.4220029356878272,0.47654251944271186,0.580232257556466,0.31037149109218715,0.38530363967253
2020-09-29,111.371337890625,112.56226761750044,110.86373228368446,111.82038307255604,99382200,0.4207849287466333,0.476388297326075,0.4958813813915696,0.28197463535182926,0.4008286851483409
2020-09-30,113.05034637451172,114.46579860836158,110.91253722784417,111.07848448876676,142675200,0.4238761253996858,0.4764620590715031,0.5887287110061658,0.3348783567841378,0.42342176577424
2020-10-01,114.00700378417969,114.91484304679045,113.06988058529005,114.8367475849847,116120400,0.4292941639731094,0.47678466218729454,0.6327826230419553,0.3913959870882112,0.447144585259211
2020-10-02,110.32682037353516,112.62082770816717,109.5458882032621,110.19992085085872,144712000,0.43448536987712183,0.47521861152149547,0.5078912961825008,0.3348702109764202,0.4448402092746511
2020-10-05,113.7238998413086,113.87032695294033,110.84419891878447,111.1956210076637,106243800,0.4398781719948359,0.47287326099287197,0.5637341938941482,0.3504437066846858,0.4628343629883128
2020-10-06,110.46349334716797,113.3529580749316,109.5751743278838,112.94296067117382,161498200,0.44101217121301783,0.46908926179135013,0.5648726990707866,0.34667813616545295,0.4582748343859951
2020-10-07,112.33773803710938,112.79653950711614,111.41037130371913,111.88870036047932,96849000,0.44769858459657474,0.4661851373343767,0.6234279948471296,0.24884447039325336,0.4655992525268614
2020-10-08,112.23036193847656,113.62628652852615,111.8594122552234,113.4798594139574,83477200,0.45336860038294946,0.4627423627761559,0.6899084736914788,0.11789188183984492,0.47076515466325997
2020-10-09,114.18270874023438,114.21199267494644,112.18155546219181,112.53297757392214,100506900,0.457308225143245,0.46034634864948554,0.6729251897376531,0.10522651754443832,0.4860156250350892
2020-10-12,121.43566131591797,122.1970734254654,116.43766363228319,117.19907574183063,240226800,0.46523786879339524,0.4602249116011693,0.7418666312421802,0.3416851999170707,0.539449094129531
2020-10-13,118.21428680419922,122.40206058626744,116.7988420703882,122.28491740476053,262330500,0.47112628102504306,0.4578587012351004,0.7713273927156238,0.37630576608910193,0.5620065752687476
2020-10-14,118.30213928222656,120.09828994365729,116.76955145461308,118.11666445068612,150712000,0.47564549079650953,0.45398752906170914,0.7610714417980876,0.40707651477934925,0.5791302824855257
2020-10-15,117.83358001708984,118.31190163855125,115.33458507506343,115.89100215036126,112559200,0.4789382902284187,0.450801789811785,0.7020507867275445,0.425227242305738,0.5886046333038846
2020-10-16,116.18385314941406,118.65357169541609,115.97885816134452,118.3900013910462,115393800,0.48397831374375344,0.4502474855158668,0.6248221280349657,0.3791960699498058,0.585191274586767
2020-10-19,113.21630096435547,117.55049456986758,112.90392658334925,117.10145686264569,120639300,0.4835415208532071,0.44876339519172237,0.5817418601518931,0.3834802607949457,0.5641477554984843
2020-10-20,114.7098388671875,116.14481121078373,112.87463289955475,113.43104998711324,124423700,0.4871955351116338,0.4501610671875137,0.5785755754957345,0.32494979489061665,0.5551634039801415
2020-10-21,114.0850830078125,115.88123368813292,113.67508561548537,113.88984438108717,89946000,0.4886991394243866,0.4500269619105389,0.5499710193406303,0.30114534283321753,0.5435583884918244
2020-10-22,112.99179077148438,115.2272232061606,111.85942886147818,114.65127845604545,101988000,0.489354355020826,0.4507004719322777,0.6015517047154321,0.2873607556841778,0.5273403199253743
2020-10-23,112.2987060546875,113.77272626234561,111.55681405348567,113.61653533679018,82572600,0.4877331556522285,0.4516064284610729,0.5173292833980058,0.3142459249096251,0.5099923362421883
2020-10-26,112.30845642089844,113.77271265873236,110.19016006999519,111.29323786895584,111850700,0.47987912289188195,0.4515140451881353,0.5945413633787339,0.2446761055305287,0.4959950804074427
2020-10-27,113.82151794433594,114.48531441046451,111.81060840617837,112.73796772098498,92276800,0.4760991101792472,0.4518299333741195,0.5861139959723155,0.21046892177796617,0.4934201513640449
2020-10-28,108.55018615722656,112.67939177271371,108.45257057018355,112.30844956291352,143937800,0.4677074765737709,0.4515527742387203,0.4723622279467781,0.25110184362955024,0.4608424818275693
2020-10-29,112.57200622558594,114.14364166793175,109.5263509225896,109.6923056038222,146129200,0.4631798502736314,0.4530368692211578,0.5174732719753588,0.1867716543567005,0.45852546347772005
2020-10-30,106.26594543457031,109.32135711450044,105.15311140685945,108.41351804477931,190272600,0.4546454114172207,0.45363884649081776,0.24650541851576302,0.2717336543369063,0.4206022614344962
2020-11-02,106.17809295654297,108.04258272984217,104.76264829800921,106.50999489603151,122866900,0.44858897717439394,0.45324844424503585,0.28033000542078146,0.3438297191892164,0.3909427123098227
2020-11-03,107.80831146240234,108.83328639019895,106.13906019633995,107.04689938815555,107624400,0.44265015768287697,0.452840168127821,0.32765948964939756,0.3365816326676334,0.3779670845555518
2020-11-04,112.2108383178711,112.83558707769674,109.67279555013029,111.42014229787765,138235500,0.44103735514748754,0.45517359342556907,0.4448483578397562,0.3135000278020132,0.3941396735033849
2020-11-05,116.19361877441406,116.76956346695528,114.08509354419144,115.13935243550637,126387100,0.44379255373426696,0.4583950943932392,0.5487111391082135,0.37167447731209574,0.4305531375347282
2020-11-06,116.06161499023438,116.56031568011555,113.55830105991429,115.6998059462053,114457900,0.4470305669479413,0.46036637465242813,0.6018602879036606,0.42057374108048845,0.45876748491642355
2020-11-09,113.74410247802734,119.28853898482558,113.48008488932169,117.8315370062038,154515300,0.44826595185434404,0.46083148194803336,0.5309116293598725,0.4303092376181921,0.467679178290021
2020-11-10,113.40185546875,114.98597593271168,111.60259823184701,112.99115812331121,138023400,0.44790482893999617,0.4614513703554727,0.5359586720535646,0.4266199014295718,0.4727154675996526
2020-11-11,116.84391021728516,116.98080934195671,113.86145647500585,114.59484784022182,112295000,0.4550416447803548,0.4626094919469085,0.6146176427575204,0.4571041018632493,0.4964016032588571
2020-11-12,116.57008361816406,117.86085180861238,115.94425706888252,116.9710077146568,103162300,0.45848202233086255,0.4633919641074774,0.6227196524427615,0.4887206377062911,0.5130791135135382
2020-11-13,116.61897277832031,117.0198893917862,115.25975511875558,116.79498695166743,81581900,0.4673908851055929,0.4653128695828045,0.6233125815374109,0.42865797394434174,0.5259297116666076
2020-11-16,117.6359634399414,118.31067833952987,115.53357362715566,116.28651871988077,91183000,0.477250474232328,0.46650716748009124,0.6156942126711472,0.3188005959293807,0.5411980081071558
2020-11-17,116.74610137939453,117.99775451631758,116.32562345429308,116.9025617517305,74271000,0.4849415138902037,0.46842515919295236,0.7147057805622012,0.16149802618475165,0.5472302797058713
2020-11-18,115.41622161865234,117.16658292087014,115.38688716304424,115.98337929521392,76322100,0.48769977183919977,0.4693649768558229,0.6121304704401387,0.10367322026068901,0.5434293886924539
2020-11-19,116.01271057128906,116.4234078594296,114.22323422382374,114.98595989049652,74113000,0.48754409888452177,0.47051967460167543,0.8271585904784491,0.10330583623362702,0.5430361364698028
2020-11-20,114.74150085449219,116.13983378749967,114.6926125812959,116.01271532465954,73604300,0.4864081301198485,0.4706902659610058,0.7799684169113044,0.10941662645628361,0.5345859010921021
2020-11-23,111.32879638671875,115.01531411751404,111.23101237342392,114.58505550648638,127959300,0.4843297399242089,0.4676047824997144,0.6364549547957614,0.17586945524966374,0.50761509169615
2020-11-24,112.61956787109375,113.28450962449006,110.09669997199227,111.38747584073998,113874200,0.483656575194078,0.46589679363673875,0.560310848409784,0.19034408704766242,0.4934660602771441
2020-11-25,113.46051025390625,114.1645670214996,112.61955438821877,112.99114404913823,76499200,0.48074513248413797,0.4644187125109652,0.4554871792787664,0.1935642547536911,0.48693923341928147
2020-11-27,114.00811767578125,114.88818872041372,113.6463160788627,113.98856385720809,46691300,0.47854054031448623,0.46325085275736344,0.4802754505140086,0.18795791995798522,0.48477317950874704
2020-11-30,116.41364288330078,118.29112272745515,114.22324227134564,114.37970265524602,169410200,0.47836385229874534,0.46332100432547574,0.6368503748493168,0.18543969480094047,0.4967234389222426
2020-12-01,120.00237274169922,120.73576402805044,117.35238645560318,118.33024150407148,127728200,0.48040016641617433,0.4653926964261229,0.7330589356949333,0.2459904622467768,0.5263956612151885
2020-12-02,120.35438537597656,120.63796419810457,118.21288071326836,119.31785408740221,89004200,0.4835051236340465,0.4671158969459047,0.6636512011508009,0.3108485860562136,0.5510172075924769
2020-12-03,120.2175064086914,121.03890109820081,119.50366891481015,120.78465668744884,78967600,0.4876366675696162,0.46898803940685563,0.669065552423576,0.35921979589614117,0.5685920517160963
2020-12-04,119.54276275634766,120.13925484832707,118.82892538940082,119.8850104827848,78260400,0.4906743056884133,0.47098795885331846,0.6418601869605887,0.3849052885021491,0.5773552741304536
2020-12-07,121.00953674316406,121.81137741548903,119.54275447961056,119.60142338281177,86712000,0.4960680006672036,0.4736472527304688,0.6536401920101951,0.4177594101553881,0.5914194918560319
2020-12-08,121.6256103515625,122.21232935917001,120.36417642191368,121.61583717242658,82225500,0.5049284913801058,0.47649164855061243,0.7028005481213478,0.37854543399855184,0.604588751817503
2020-12-09,119.08319091796875,123.16084482713035,118.32046514623403,121.77229239856497,115089200,0.5104904906717387,0.4780979631746426,0.6573485120474128,0.3069775574258888,0.5987589512999358
2020-12-10,120.51084899902344,121.12690242824526,117.4892806077719,117.83152836820533,81312200,0.5165573635109697,0.4817493850193958,0.6766187642720788,0.23030426887181604,0.6009212234950649
2020-12-11,119.69923400878906,120.04148176635128,117.88042311381089,119.7187878261748,86939800,0.521454614601145,0.48392522724188336,0.6929301894046513,0.10919441458542448,0.5964542215226372
2020-12-14,119.08319091796875,120.61842310120053,118.84850778676781,119.88503178831066,79184500,0.5237517820210462,0.48783815169821854,0.8108492404468961,0.030517333239399924,0.5879679504801538
2020-12-15,125.04808807373047,125.06764935053899,121.38113201845924,121.58648066230148,157243700,0.5280936603915842,0.49359889533698265,0.8796050958044822,0.15504285945069562,0.6142416063069254
2020-12-16,124.97964477539062,125.52724118635251,123.75732602917816,124.58850874495589,98208600,0.5320737330716576,0.498841061460375,0.8665520841089857,0.21704455585182153,0.632783544162469
2020-12-17,125.84993743896484,126.71045462679722,125.20454954809055,126.04550545777673,94359800,0.536920484989794,0.5030048862527167,0.8705634722757937,0.273694292925415,0.6504502748291185
2020-12-18,123.85511016845703,126.2410786072222,123.32706760608566,126.10417951258235,192541500,0.5406312944038771,0.505343831628038,0.7548355809831542,0.26986125581453846,0.6507678046046786
2020-12-21,125.39034271240234,125.46857290305822,120.71619699711728,122.25142905164114,121251600,0.5444010129535168,0.5081917607636578,0.7139858530134754,0.29139098099008104,0.6577717601030607
2020-12-22,128.9595184326172,131.4334903171584,126.77889110285736,128.6954934124312,168904800,0.5507118994727189,0.5128368128756066,0.7746437890580185,0.37504453683357364,0.6816210120221675
2020-12-23,128.05990600585938,129.49733922563573,127.8838843351233,129.2333291008579,88223700,0.5584364345512578,0.5173117091786493,0.7477866364460442,0.3702762041060783,0.6927199694441488
2020-12-24,129.0475311279297,130.50454051249665,128.1968020157988,128.41193131877873,54930100,0.5657823177516754,0.521037302698642,0.7867877799389507,0.37793598378147025,0.7045464280459139
2020-12-28,133.66299438476562,134.29859412859594,130.55340791091808,131.0227890260271,124486200,0.5777982451590238,0.526255527523564,0.8280541601402074,0.4332308956766517,0.7376526213161685
2020-12-29,131.88328552246094,135.71647493804102,131.36502361939029,134.99287186176662,121047300,0.5888128288695389,0.5309155071364268,0.765607606548006,0.35123520465537456,0.7503088466128843
2020-12-30,130.7587432861328,132.97847783004178,130.4458225923307,132.5775537864378,96452100,0.5937268933215956,0.5349217069288684,0.8089490641121171,0.34979129026692335,0.7505631884598858
2020-12-31,129.7515869140625,131.7561927189475,128.80306633693473,131.1108048151708,99116600,0.5978331876711458,0.5388920984206308,0.7579975121007042,0.32483223171884085,0.7417725223735734
2021-01-04,126.54422760009766,130.6512158907849,123.9529101845831,130.56321251590714,143301900,0.5984306299038384,0.5422893218577133,0.6905325388576009,0.3161643388456379,0.7133537477105161
2021-01-05,128.1087646484375,128.8226094660816,125.58589722438096,126.03571704206242,97664900,0.6020909335807276,0.5459820767390121,0.7296816286871872,0.24661804490363604,0.6972986498293301
2021-01-06,123.79644012451172,128.14789930215,123.5813108332451,124.89164039803205,155088000,0.6007193676647564,0.5487464221177584,0.5219159297544522,0.287435118168216,0.6573463766516566
2021-01-07,128.0207977294922,128.71508146898077,125.02856328112361,125.51749086865797,109578200,0.5999115909970951,0.5538422549442353,0.6047565737374709,0.2900240024409657,0.6481758975851827
2021-01-08,129.1257781982422,129.69293598741686,127.34607462660249,129.49735301668466,105158200,0.6008287825375072,0.5588813683913617,0.6086494856982041,0.28762940208423404,0.6453036588603307
2021-01-11,126.12371826171875,127.28736795641814,125.65435209710165,126.32907435173449,100384500,0.5983128181978796,0.5627472673767252,0.5888954436571058,0.3078728619230966,0.6238007810074339
2021-01-12,125.94773864746094,126.81802908121813,124.05069738444573,125.654379136118,91951100,0.5916737789725952,0.566392265435003,0.5588846548547621,0.2483256843043366,0.6041841520538975
2021-01-13,127.99144744873047,128.5390438917467,125.64460128697972,125.90861140857999,88636800,0.5883248212050618,0.5699268060422981,0.5296711045019044,0.19457093093084565,0.5990226052003733
2021-01-14,126.05530548095703,128.0990190744919,125.90861826231031,127.90345103718111,90221800,0.5842774753819984,0.5717746811242467,0.510767319153388,0.1576218647854741,0.5823779917840406
2021-01-15,124.3244857788086,127.33628100990751,124.18758667379879,125.92816740358766,111598500,0.5796074114796028,0.5729866968401406,0.4616173162741976,0.15020083731396508,0.5581060795371355
2021-01-19,124.99918365478516,125.85970067260675,124.12889346026303,124.95028792952158,90757300,0.5782778888160676,0.5744464755314963,0.3665571564034811,0.15994774998296685,0.5419563884831717
2021-01-20,129.106201171875,129.5560210604613,125.70326977271654,125.81083442514691,104319500,0.5791361909163872,0.5773660585348211,0.4947028278464594,0.17657497627446894,0.5520754388313885
2021-01-21,133.8389892578125,136.57698583657466,130.63162652639653,130.83698261117812,120150900,0.5877778847095629,0.5812827096258047,0.6018908624897478,0.2878258705034154,0.5862555954240372
2021-01-22,135.9902801513672,136.75300573508719,132.0299650538176,133.26205678423892,114459400,0.5946356880287991,0.5856680409233631,0.6530574353892524,0.4312987577258643,0.6240649775173093
2021-01-25,139.7550048828125,141.87694798792052,133.5162865440687,139.9016920539313,157611700,0.6037822225437981,0.5919788544694261,0.7663854357331616,0.6211772404487541,0.6735572272394719
2021-01-26,139.9897003173828,141.10445422096296,138.2393318250726,140.41995882769103,98390600,0.615714010925035,0.5979254733278733,0.7520756427629947,0.7267735861053854,0.7113561588773424
2021-01-27,138.91409301757812,141.10449381150278,137.30063807210604,140.2537497289202,140843800,0.6268716624926833,0.6037914990537522,0.8345999730235212,0.7569403565493833,0.7320342738210976
2021-01-28,134.0541229248047,138.84562082531298,133.67276011557627,136.43031805990591,142621100,0.6320886431951129,0.6083619136611306,0.6604093884901001,0.7373059524222816,0.7173191195721929
2021-01-29,129.0377655029297,133.71191168514858,127.3265190787023,132.822059963538,177523800,0.6346550738810044,0.6095799059673418,0.5470912586164899,0.6987241078625821,0.6741433328151374
2021-02-01,131.16949462890625,132.38204043638706,128.0305729028797,130.7881317015279,106239800,0.6405452587044944,0.6114695799151674,0.6338845930895792,0.5962233396651764,0.6502322405576244
2021-02-02,132.0006561279297,133.29141701118044,131.62906644112428,132.72425930217142,83305400,0.6465700817261346,0.6133473076697981,0.649018144666728,0.4734147943051081,0.6342143680732439
2021-02-03,130.9739227294922,132.76339946569158,130.6512287356642,132.75361136470895,89880900,0.6481772710540237,0.6155205808435246,0.5995196429879318,0.44339418004867853,0.6138882445536381
2021-02-04,134.34750366210938,134.357276841014,131.60950655954667,133.28164524703553,84183100,0.6486148517631665,0.6182550758787361,0.6845682155403181,0.4424373952268567,0.6157013062390936
2021-02-05,133.9312744140625,134.57762667448057,133.04989583580434,134.50908231283685,75693800,0.6468430608698388,0.6197728829298631,0.7121555483812763,0.43904131126071005,0.6130640466954547
2021-02-08,134.0782012939453,134.1271700987044,132.12935643271075,133.21639814836522,71297200,0.6419581260103895,0.6216101836859965,0.7055766088979877,0.3758111946925286,0.6102058579577565
2021-02-09,133.19677734375,135.02810861159247,133.04009812460947,133.794160762308,76774200,0.636112761499888,0.6228768900945044,0.6267426546827842,0.274884922776128,0.6012985361266683
2021-02-10,132.58961486816406,134.15652670809476,131.62008648609935,133.65706590073773,73046600,0.6306704975046207,0.6225492024515643,0.5209432283965533,0.1526712287389159,0.5893292016374262
2021-02-11,132.33502197265625,133.5689551830647,131.0031511508519,133.08908479631512,64280000,0.6291911973955715,0.6226871112250271,0.46157387193946653,0.141625791835624,0.5771230219211705
2021-02-12,132.57005310058594,132.7267473071844,130.92480876084792,131.57116115568016,60145100,0.6322307591047753,0.6232400785907651,0.34898255814007567,0.07782883283538597,0.5676836223172106
2021-02-16,130.43511962890625,133.19678338492807,130.0433842053432,132.6875497490638,80576300,0.6315988235478636,0.6234487514979105,0.30509986554341406,0.09425714794952872,0.5469023546400728
2021-02-17,128.1337432861328,129.48520458494897,126.79208471411921,128.53526656232907,97918500,0.6282713141416216,0.6239340082412314,0.28777105023184313,0.1781600183638576,0.5165154979943942
2021-02-18,127.02711486816406,127.31111000008823,124.77468454875732,126.52765402683634,96856700,0.6248750544325206,0.6236037958033168,0.34738622013257636,0.2576102071308406,0.4858138668809451
2021-02-19,127.18382263183594,128.00645980699247,126.13596180036147,127.54617987984906,87668800,0.6187106496510366,0.6246379159559688,0.47894371156851306,0.2870575060028244,0.46247426532488745
2021-02-22,123.39384460449219,127.03690216446014,123.0021166193663,125.36226484125724,103916400,0.6096431070806516,0.6232253723587836,0.2846754549781339,0.38405275643168146,0.4224920761892451
2021-02-23,123.25672149658203,124.08913866398387,115.94122923872163,121.20015923841609,158273000,0.6003311372255322,0.6214336320403749,0.23938691255476163,0.4227378175616102,0.39091472911572633
2021-02-24,122.7573013305664,122.96295686471525,119.70183914139412,122.35578551768266,111039900,0.5913478846798228,0.6204059123827318,0.24848105521071823,0.4431059349615782,0.3642005718704451
2021-02-25,118.48747253417969,123.8443336867004,118.04678320459273,122.10115193451716,148199500,0.5792128784916062,0.6181283982504452,0.0,0.5269936287634782,0.31993734170330423
2021-02-26,118.75188446044922,122.2676260307955,118.69312040778983,120.05436932756292,164560400,0.5675244801006181,0.6153076898517865,0.018792614962575428,0.5414438996258037,0.2884817240629929
2021-03-01,125.14680480957031,125.28390846528883,120.25022432936922,121.19036688497717,116307900,0.5611367156167029,0.6150303373972149,0.3213940551955507,0.43922022063683425,0.30264319289117847
2021-03-02,122.53204345703125,126.05758022008334,122.42431807921778,125.75399459438512,102260900,0.5543360554063366,0.6144831300111554,0.29629317110519415,0.36150068424603965,0.30061608286324504
2021-03-03,119.53533172607422,123.10983731286295,119.31988096888192,122.2284512477988,112966300,0.5469370535370466,0.6128150930007589,0.26694304581782907,0.33816886541195595,0.2837341356956039
2021-03-04,117.64524841308594,121.043476706908,116.16648638094867,119.23174329287419,178155000,0.5388638824689151,0.6093162256036372,0.24966308931149767,0.33825469680068154,0.26176454342655076
2021-03-05,118.90857696533203,119.41782559806704,115.13821090718523,118.47768289716012,153766600,0.5317429674338967,0.6047581810941455,0.28016988292409206,0.2714028656437074,0.25417788085518267
2021-03-08,113.95323181152344,118.49725830929313,113.80633288954938,118.42870647525052,154376600,0.5236192446724868,0.5980305807289888,0.25274129643495713,0.3597977709373229,0.2222156167322275
2021-03-09,118.58540344238281,119.5353414188917,116.33298050634184,116.56801431888738,129525800,0.5195995381518519,0.5915677996802512,0.3885995988306756,0.3372983038219281,0.22660705516165827
2021-03-10,117.49835968017578,119.6430570540703,116.97931582370948,119.17298946729461,111943300,0.5150741768301776,0.5847015102775023,0.3888382225282036,0.31813990348871773,0.22656970382895703
2021-03-11,119.43741607666016,120.66156146216822,118.75189764941183,120.00542132871762,103026500,0.5158916108408014,0.578755555225852,0.42501047320029267,0.31725567349355954,0.24045004235164452
2021-03-12,118.52664184570312,118.66374551985697,116.69532528168106,117.9096753120108,88105100,0.5156977877705855,0.5740152340282597,0.46432445910876313,0.3178632265971153,0.24870205437493442
2021-03-15,121.42540740966797,121.43520266321806,117.92924905121147,118.89877741976048,92403800,0.5124954955651098,0.5716912883573989,0.5192454114397055,0.22948130590541782,0.2743389046638434
2021-03-16,122.97273254394531,124.58860573684278,122.14031528444951,123.10004095769754,115227900,0.5128747120465584,0.5691889323818856,0.5518940116586982,0.24023772652550768,0.3055392032682692
2021-03-17,122.17949676513672,123.25674313985047,119.80954577485848,121.48418312807976,111932600,0.5151500371958702,0.5661906708045433,0.6118055782381524,0.2692372525562166,0.32729457039518467
2021-03-18,118.0369873046875,120.63217688102142,117.83133178723176,120.33837901517603,121229700,0.5154871316430234,0.5622412066954791,0.5375416920819791,0.26639180247909294,0.322158160837765
2021-03-19,117.50813293457031,118.91835046372626,117.20454734432816,117.41999807479239,185549500,0.514282038361658,0.5571003840722076,0.40957525299979225,0.27323525671982124,0.3167742678710946
2021-03-22,120.83781433105469,121.30788935180463,117.77255759358718,117.84110942248937,111912300,0.5202062766439839,0.5531031351903622,0.518390226722408,0.18815101680064883,0.3334278853192999
2021-03-23,120.00540924072266,121.67024380868072,119.61368126250025,120.77906994302474,95467100,0.5214282029826955,0.5488069100563976,0.5574984315262411,0.18315602112448226,0.343243404530892
2021-03-24,117.60608673095703,120.3579705175395,117.58650369314779,120.27962342312225,88530500,0.5215209029708894,0.5440472918787659,0.5478094792804679,0.18130573132770245,0.33858651826951125
2021-03-25,118.09574127197266,119.14361681685605,116.53863204363516,117.06746370748277,98844700,0.5203663810782675,0.5396225164825995,0.5329243726814004,0.19138265709447394,0.33924316593934645
2021-03-26,118.7029037475586,118.96732327901181,116.46026897888558,117.86069130267391,94071200,0.520518055853568,0.5354608228594472,0.6549931029489874,0.18996077899742536,0.34473052288766226
2021-03-29,118.87919616699219,120.0445848677289,118.23285134256643,119.13382047799135,80819200,0.5183270207289319,0.5312811971361954,0.5564810282563075,0.1797299905785485,0.3514644323829325
2021-03-30,117.42001342773438,117.90967152587207,116.40152368701725,117.62566893236145,85671900,0.5135488615499351,0.5273078685905007,0.5464623294599769,0.13408016506435885,0.34970126923518596
2021-03-31,119.62348175048828,120.96514023474477,118.64416549787944,119.13382362418386,118323800,0.511349390201161,0.5247098056497727,0.5534270904313713,0.07698391233029148,0.3623455032490239
2021-04-01,120.45588684082031,121.61148020043322,119.95643351065483,121.10223908828027,75089100,0.513430872584792,0.5227037023189397,0.599359324621279,0.09024505233173391,0.37825574951758034
2021-04-05,123.29590606689453,123.55053036059856,120.52443954027073,121.30789545708805,88651200,0.5184112976232977,0.5215167761708174,0.597942441532126,0.15729369970673465,0.408078705690425
2021-04-06,123.59950256347656,124.50047171699698,123.05108785639284,123.88350517152779,80171300,0.5207877524197866,0.5215795606480588,0.5660793456758872,0.21043224658542387,0.4338885043827956
2021-04-07,125.25455474853516,125.27413778679839,122.55163970119949,123.227370330931,83466700,0.5253046840824778,0.5221894709912266,0.6311770970926454,0.29113804054179987,0.4640250439137779
2021-04-08,127.6636962890625,127.6930745878602,125.86175756128067,126.28285647283667,88844600,0.5339593374915668,0.5236873242429573,0.8295810699343378,0.3782304431898715,0.5015408274462216
2021-04-09,130.2490692138672,130.2882352912627,126.79208383544986,127.11526001089155,106686700,0.5444173733197051,0.5272779739931793,0.8859198510354969,0.4833577114560403,0.5454231152366877
2021-04-12,128.52545166015625,130.10215119503505,127.92806823530955,129.7789750855431,91420000,0.5528697543041303,0.5302617063536855,0.7680452420960839,0.5036724658405747,0.5690350840318006
2021-04-13,131.6494598388672,131.8747133072664,129.20116952027027,129.7006303088981,91266500,0.5638586682587079,0.5322468753143802,0.8476072387038333,0.5499676289730058,0.6043497498468232
2021-04-14,129.2991180419922,132.2076883818472,128.93677582602234,132.14893180014175,87222800,0.5740807327217152,0.5343127678398557,0.84951157913644,0.4712683343863569,0.6169766858538437
2021-04-15,131.718017578125,132.20767563603624,130.87580512079055,131.05208979209115,89347100,0.5844881774656452,0.5380319701814261,0.8717696209181284,0.43152650217569527,0.6390871470691427
2021-04-16,131.3850860595703,131.88453202216365,130.5232828834735,131.52218975184192,84922400,0.5938928407438033,0.5422265490262052,0.8528433316405318,0.3501343298520411,0.6525645083579985
2021-04-19,132.05096435546875,132.66793821028534,130.58199037213484,130.74847229706486,94264200,0.6014266383749629,0.546238734725551,0.8583774273658201,0.3071006197479672,0.6648633348247018
2021-04-20,130.3567657470703,132.72670889913286,129.083651837436,132.22726307120809,94812300,0.6072413173511289,0.5512465025169894,0.8500043872621544,0.20943021049140637,0.6625383173313516
2021-04-21,130.7387237548828,130.98355282558484,128.5842309213411,129.6223037902088,68847100,0.611960488612709,0.5549567399730834,0.8277920418789106,0.11671756648185777,0.6607113755653871
2021-04-22,129.21096801757812,131.37524822022579,128.69193168247196,130.2882067566081,84566500,0.6132919283014961,0.5585324342726316,0.7621282921505315,0.08268533682386112,0.6483228100708878
2021-04-23,131.541748046875,132.3251889861631,129.42642164716978,129.42642164716978,78657500,0.6144042887688927,0.5622277162780515,0.7540635978136391,0.08751815397550508,0.6499707011516848
2021-04-26,131.93348693847656,132.2664508784838,130.79747649743766,132.04121232414715,66905100,0.6173369303642351,0.5663206371879114,0.755484402730318,0.061865668126050904,0.6514558559264764
2021-04-27,131.61032104492188,132.6092278860221,131.33611366786397,132.21749238795275,66015800,0.6173032511192325,0.569429947819487,0.7158062560026572,0.06151338938367848,0.6486889456584043
2021-04-28,130.8170928955078,132.2273109713052,130.32743467158835,131.53198971833896,107760100,0.6186094806129299,0.5718247205109902,0.6380262716089405,0.03824591635513437,0.6399213326629754
2021-04-29,130.71910095214844,134.23485689571066,129.71040662549947,133.6472612939138,151101000,0.6177499048725457,0.5744317413497547,0.5637085553671901,0.036000626084267726,0.6305468603814921
2021-04-30,128.74093627929688,130.79749168566087,128.359003493602,129.05430974652202,109839500,0.6154745928535439,0.5776995061574398,0.5553996766814284,0.06928928766845752,0.6100008205919226
2021-05-03,129.79856872558594,131.29693633033506,129.10326255880813,129.30891060237565,75135100,0.6135363884120051,0.5814516030372238,0.48220610053695284,0.06113491367325746,0.5983791008138247
2021-05-04,125.20558166503906,128.77029970589498,124.07936647785237,128.47650184085842,137564700,0.6091037533391446,0.5827850208642339,0.419529966696945,0.18605205088302273,0.5614149529484782
2021-05-05,125.45040893554688,127.751792998148,125.32309305002485,126.52764777021792,84000900,0.6045531161708309,0.584447302553245,0.32484628795737996,0.24471668632751314,0.5328135800430831
2021-05-06,127.05647277832031,127.06626055951321,124.5004497567091,125.244732064748,78128300,0.6026991557978829,0.5873323722614309,0.40517188063228904,0.2606990196137543,0.5189114598586493
2021-05-07,127.73335266113281,128.76336920466838,127.01722681860784,128.36117896883368,78973300,0.5994220011302702,0.5902745992285389,0.4056251735252491,0.24866324208914076,0.5113454492905943
2021-05-10,124.43727111816406,127.07610137244308,124.39803103278507,126.9485841924531,88071200,0.59297144750421,0.592025220791894,0.36886458162788555,0.26377092774303046,0.4860023393415044
2021-05-11,123.51514434814453,123.86829011666147,120.43486153557248,121.15097993271154,126142800,0.5860054832568229,0.593440510452986,0.3352506075060861,0.27238687410802853,0.46066018409649306
2021-05-12,120.43486022949219,122.26929474583534,119.92475413891712,121.05288215732537,112172300,0.5770714890688626,0.5943609007036045,0.3082154370459806,0.3358875720451493,0.4232074159589945
2021-05-13,122.593017578125,123.75057376554258,121.8965229842785,122.21043614607242,105861300,0.5700789293786872,0.5952674581522367,0.3014947159739011,0.306069749132989,0.40679168784243613
2021-05-14,125.02586364746094,125.45749712381283,123.45629757565597,123.84869096467756,81918000,0.5668820796866825,0.5966626076822,0.374577718385343,0.2752597446146334,0.4086233284883746
2021-05-17,123.8683090209961,124.51575924469611,122.7892327991109,124.40785087407944,74244600,0.5617790438139338,0.5968373542391637,0.36031599602019093,0.20224572929592227,0.4041010426177352
2021-05-18,122.47531127929688,124.57460719109478,122.40664300122053,124.15278563025983,63342900,0.5594296243256167,0.5964941544794989,0.35065984729040517,0.21257839953473318,0.39329935581169223
2021-05-19,122.318359375,122.54398051145846,120.52316475438042,120.81746165373089,92612000,0.5567344706462041,0.5955977754017506,0.34973586660036343,0.21711533049681186,0.3848029755938476
2021-05-20,124.88850402832031,125.29070923599386,122.72054012244782,122.84807225379797,76857100,0.554868916209577,0.5947505483058698,0.4595031364548174,0.184824039404059,0.3938786958993811
2021-05-21,123.04426574707031,125.56538290126355,122.82844904772396,125.38880628218745,79295400,0.5508339194430143,0.5925510233201908,0.39713207342389667,0.10765894882194249,0.39125451138483724
2021-05-24,124.68251037597656,125.50653716294948,123.54457788879003,123.61324616401438,63092900,0.5510449497844099,0.5913778274916016,0.5353228322940531,0.11094634352552143,0.39950299966215647
2021-05-25,124.486328125,125.8793250172458,123.91735809044054,125.38882767233349,72009500,0.5518806611864735,0.589191024304954,0.5241251479340426,0.11752201656722083,0.4056358670453674
2021-05-26,124.43727111816406,124.96700104435908,124.01544955569106,124.54517948188607,56575900,0.555324767745005,0.5877067709405438,0.4774160608926083,0.06458862776089488,0.4108866464128782
2021-05-27,122.89714813232422,125.21226105879946,122.70095516605964,124.03508829264814,94625600,0.5555864745176233,0.5850138837811835,0.4222642579634254,0.06013407464090509,0.4068192507846384
2021-05-28,122.23987579345703,123.40724398155514,122.18101940894144,123.18161536711065,71311100,0.5531891097025512,0.5822219799392113,0.4835184920219637,0.06171023447334115,0.4005702523510023
2021-06-01,121.9161605834961,122.96580860328842,121.58263106518893,122.70094736723752,67637100,0.5515092703697506,0.5791279671428681,0.4997516573428276,0.07584191023816461,0.39459975931951685
2021-06-02,122.68130493164062,122.8578815569257,121.6905209360279,121.91614205016532,59278900,0.5516865295539741,0.5767847571000208,0.6264919712915451,0.07381373055709622,0.395171786703546
2021-06-03,121.19021606445312,122.4752968965185,120.78801085132359,122.30853216709995,76229200,0.550715753218687,0.5738697322367005,0.49786565536237987,0.09482053373544772,0.3878995250661684
2021-06-04,123.49553680419922,123.7604055207665,121.49433726995868,121.71015400663384,75169300,0.5495170937891933,0.572124891615344,0.4928204399133555,0.07803316659594894,0.3963774211826014
2021-06-07,123.50533294677734,123.91734258191596,122.45568507576401,123.77019414528634,71057600,0.5499138457995703,0.569671487315086,0.5343111627444445,0.07886566163029382,0.40390913664261974
2021-06-08,124.32935333251953,126.01664693882614,123.80943533813993,124.19201678624117,74403800,0.5496099513411066,0.5673500524643197,0.6241180318838434,0.07272083102131463,0.4152920126560462
2021-06-09,124.7119369506836,125.32014701212847,124.11353878108089,124.79041711685983,56877900,0.549804089538761,0.565244072995759,0.6446024950458143,0.07695807244113628,0.4270260897805517
2021-06-10,123.71134185791016,125.75178128651456,123.54457711687593,124.60402943024918,71186400,0.5491794216084027,0.5630747873211063,0.4956097101971549,0.06781177795203494,0.430954249999425
2021-06-11,124.92777252197266,125.01606459331775,123.70154780643645,124.12336940795217,53522400,0.5509267901252375,0.5613067763488223,0.6375276104105656,0.08678366357906606,0.44146029955286326
2021-06-14,127.99822998046875,128.05708636883946,124.65309301909622,125.38882781085549,96906500,0.5558818999261741,0.5610800385802183,0.688970880949163,0.1713462985763315,0.46765295146084174
2021-06-15,127.17420959472656,128.1159567068562,126.9289646660906,127.46850650280223,62746300,0.560406493124717,0.5602788587137136,0.6574378253708065,0.18862838700065088,0.48346061892185677
2021-06-16,127.67451477050781,128.40044520998504,126.01667148485511,127.89033152363446,91815000,0.5647031900987431,0.5610325892045555,0.6757251794729771,0.20816708434960235,0.49856095747912293
2021-06-17,129.2832794189453,130.0288334055602,127.18398392503316,127.33113982855089,96721700,0.5716673357982034,0.5622027105595596,0.7982860649300626,0.20597107624815825,0.5193039312629841
2021-06-18,127.97862243652344,129.00863918038294,127.76280569797542,128.22386736954957,108953300,0.5755250668153875,0.5624842298574976,0.7636713653759507,0.20075480881937485,0.5274916910891895
2021-06-21,129.78359985351562,129.8915082047492,126.75237658053705,127.821640717313,79663300,0.5809275656669943,0.5631101414381877,0.81793416598932,0.20943350363950186,0.5436165148152603
2021-06-22,131.43167114257812,131.5297751112948,129.1165581853663,129.61686746983173,74783600,0.5870391669070443,0.5652454332174058,0.8334624197815496,0.24424894687733795,0.5648745390896512
2021-06-23,131.15699768066406,131.7652153418464,130.69593597220694,131.2256734523153,60214200,0.5925851931766322,0.5675783833692362,0.8966029376428927,0.2498294045919348,0.5788644986841496
2021-06-24,130.87252807617188,132.0791291253228,130.40164696110793,131.89274055501392,68711000,0.5987474511524404,0.5707648563003566,0.8414488032900527,0.19520856244133133,0.5869443900118249
2021-06-25,130.57818603515625,131.34334887223238,130.2838891819978,130.92153485860106,70783700,0.6036096771408439,0.5732026157225308,0.8240592461507851,0.1335773255909283,0.5902450832183024
2021-06-28,132.21641540527344,132.67747696633805,130.81362190950264,130.87247828435187,62111300,0.6072394594122719,0.5753977898622576,0.8399960740455934,0.152295590226647,0.6008677832131082
2021-06-29,133.7369842529297,133.89394462080566,131.7946483482995,132.23608628545662,64556100,0.6128867794579111,0.5784105573649693,0.8597110193510661,0.16902832117480343,0.6164299977930257
2021-06-30,134.35496520996094,134.7964030119609,133.28568612868645,133.5799829862064,63261400,0.6186353604538266,0.5820372483305362,0.9239709921560807,0.1798200200239271,0.6304988410874994
2021-07-01,134.65908813476562,134.71794452202494,133.17779920211535,134.00183352943276,52485800,0.6232612868193503,0.5858046989450719,0.9117428538041538,0.20174040986279884,0.6414339961591786
2021-07-02,137.2979278564453,137.33716045898035,135.12995609446102,135.27709706467058,78852600,0.6312806236167177,0.5895931211960922,0.9054482957207637,0.232194491144524,0.6632039861552395
2021-07-06,139.31875610351562,140.42725310459164,137.40584847739305,137.40584847739305,108181800,0.6394857017785314,0.5945614938010023,0.9807408843462303,0.3100317718689294,0.6896637971279901
2021-07-07,141.8202362060547,142.1341419126618,139.94656146861553,140.8098133882063,104911600,0.6484251450451177,0.5997934000333779,0.9973909968934976,0.42527431050753045,0.7222581222724952
2021-07-08,140.51553344726562,141.31992899374495,137.99440850816325,138.8871036011299,105575500,0.6564782398693472,0.6046868905733188,0.9109139742611451,0.4522601726079634,0.7374179975995839
2021-07-09,142.34994506835938,142.87966744652059,139.93672875581112,140.0348326995922,99890800,0.6663546489231187,0.6101553775480638,0.9990421656562197,0.47289178005575067,0.7567821029921729
2021-07-12,141.7515411376953,143.53693105527248,141.26105137597318,143.42902270895124,76299700,0.6759694102906664,0.6159113580819181,0.9495973074077729,0.42862026650098467,0.765241178713496
2021-07-13,142.869873046875,144.6552631625385,140.89810937466933,141.29049524015778,100827100,0.685136795737854,0.6222094055751631,0.9438237584208403,0.3951749584088146,0.7749239055526116
2021-07-14,146.3131103515625,146.72513498123757,144.8710690533849,145.28309368305997,127050800,0.6959586527590336,0.6296574505963103,0.9898227687508406,0.42173171405957394,0.7988132363251594
2021-07-15,145.65582275390625,147.14691569076902,144.29226193391412,146.4013767066168,106820300,0.7056831309964606,0.6366712471858887,0.9711373779107141,0.39068410541771376,0.8100004004127328
2021-07-16,143.60560607910156,146.91150261100321,143.10531186121412,145.6362410789104,93251400,0.7133816811916234,0.6435143499336836,0.8915540304795612,0.2829514444740931,0.8031048598204782
2021-07-19,139.74050903320312,141.3297057999836,138.97534631786922,141.01578521494542,121434600,0.7154835418162853,0.6484737110701843,0.7286273783720784,0.2296232790991508,0.7716927515080318
2021-07-20,143.3701934814453,144.30213627733949,140.24088045595803,140.7313703617701,96350000,0.7189698360606618,0.6545381731036585,0.7608155862114928,0.19565886885035755,0.7644933688179288
2021-07-21,142.6344451904297,143.35057116284176,141.87910158397807,142.76197734387125,74993500,0.7196704693991924,0.6601264597366211,0.7301808990411446,0.19208802798617275,0.7512635754658927
2021-07-22,144.0078125,145.3811779928807,143.0366372788164,143.16416942049864,77338200,0.7226756034357269,0.6660172186708334,0.745741857047079,0.17131295739971727,0.7455782486587922
2021-07-23,145.7343292236328,145.89128955450275,144.12552325361847,144.74354520106823,71447400,0.7255878930506581,0.6727405264187042,0.7325421821119391,0.18776392908313433,0.7478977151667989
2021-07-26,146.15618896484375,146.98020842228414,144.89071661296498,145.44988229601935,72434100,0.729378127709583,0.6792212628590076,0.7071080620643709,0.19304424784372387,0.7489661215216372
2021-07-27,143.9783935546875,146.37198639761627,142.78159713322313,146.28368684924823,104818600,0.7303320184662843,0.6840997816442479,0.5992421454682717,0.1878999897478344,0.7341052953750884
2021-07-28,142.22242736816406,144.17458228645816,139.82883459517763,142.05566262166082,118931200,0.7268119530647354,0.6886937905072449,0.5879284729264213,0.17711972264945508,0.7093573666049708
2021-07-29,142.869873046875,143.76256810470676,141.8300370316254,141.93794538991892,56699500,0.7244146210754381,0.6933327192926367,0.5611286569224837,0.16196453967434912,0.6909544833409182
2021-07-30,143.08570861816406,143.54677030357678,141.3689940354547,141.63386276227044,70440600,0.7239672451550783,0.6975464064565763,0.5813567208739412,0.16221893193855516,0.6752525997110693
2021-08-02,142.7521514892578,144.1549450921184,142.48728281365686,143.57617073717145,62880000,0.7265587875587345,0.7020565567233944,0.5455493993225929,0.09775963924282488,0.658689168007123
2021-08-03,144.55715942382812,145.22421838984877,142.41861603866508,143.03663799784874,64786600,0.7275801812388498,0.7065667163067989,0.5004655210388163,0.10067555851519125,0.6539270799604191
2021-08-04,144.15493774414062,144.97895695005172,143.49768326071919,144.46885837604557,56368300,0.7288885772336877,0.7104509503346336,0.5069533958307518,0.09249996556376278,0.6457832119931382
2021-08-05,144.26287841796875,145.02804141900194,143.3898070466071,144.184398242406,46397700,0.729108063494686,0.7144519910672337,0.5685992145373097,0.09299749248014547,0.6380138572369428
2021-08-06,143.57516479492188,144.52814197909717,143.0741209625058,143.7814857794398,54126800,0.7272500852468962,0.718329927082512,0.6887597225711387,0.07240097981071622,0.6260548601153565
2021-08-09,143.52606201171875,144.12535688216292,142.96607352120066,143.63413207002807,48908700,0.7249868399827313,0.7222827311878798,0.5558832278328876,0.022793694118319205,0.614618941390481
2021-08-10,143.0446014404297,145.11756973503415,142.74986369887287,143.86985512400136,69023100,0.7241833044051815,0.7255884238197007,0.568260703552532,0.021703283242101523,0.6012389604889927
2021-08-11,143.30007934570312,144.1449864839524,142.97586922382953,143.48674714232632,48493500,0.7251106325448691,0.7285079020114261,0.5110842955581361,0.005602551838637185,0.5907225719577808
2021-08-12,146.27688598632812,146.43408148324338,143.2804124119522,143.62427568758085,72282600,0.728042394409445,0.7321474964494635,0.5743452194834912,0.05936158933405042,0.5982055671064423
2021-08-13,146.48321533203125,146.81724453884937,145.66778050998334,146.3554921096055,59375000,0.7309659760909266,0.7357572358856727,0.564372404917162,0.09219315848868603,0.6037869899757622
2021-08-16,148.46775817871094,148.53653683685468,143.89937416824054,145.93303676307946,103296000,0.7358843013285596,0.7391672277047198,0.7693679380462379,0.15473027824661992,0.6180320817759994
2021-08-17,147.5540771484375,149.0179171538943,146.47337681670123,147.59336852823333,92229700,0.7384631729831217,0.7416813551874292,0.830758028839248,0.18176721511310523,0.6222502382900784
2021-08-18,143.7913055419922,148.07478584611835,143.58498455652062,147.17093412941145,86326000,0.7381502645668825,0.74228309488413,0.5866030319507728,0.18467561254981985,0.602194396823053
2021-08-19,144.12533569335938,145.40252301534065,141.9639498359238,142.48464686095633,86960300,0.7380319079530611,0.7433851166492255,0.5911301338662016,0.18551744056649977,0.5868880839810204
2021-08-20,145.58920288085938,145.89375984628978,144.20394540165282,144.85236570991853,60549600,0.7397650038229882,0.7443740164195639,0.6562462006852882,0.17746454238556458,0.5819690660591018
2021-08-23,147.08248901367188,147.55406047286837,145.29442411978118,145.70705102045142,60131800,0.7428253376825209,0.7460014796952245,0.6463889066359031,0.17502991371896442,0.5854133322678272
2021-08-24,146.99407958984375,148.21232228535538,146.53232715635886,146.82706498490072,48606400,0.746223895195862,0.7472605418444095,0.6608793951864922,0.15111369359688592,0.5862828038481545
2021-08-25,145.75616455078125,147.6817715872585,145.20599539492636,147.18071289883088,58991300,0.7483373761448227,0.7470905141385694,0.6034383820152093,0.11577705524808504,0.5785203442575129
2021-08-26,144.95057678222656,146.5028486213895,144.9211044997288,145.74637338262988,48597200,0.7471960764743129,0.746875212480043,0.5987339250570275,0.12275013518531591,0.5665674666558004
2021-08-27,145.99197387695312,146.13933527747687,144.25303439583894,144.89162045275756,55802400,0.7467733592760246,0.7476037369457808,0.6332893079160513,0.12187659531408992,0.5620799646238136
2021-08-30,150.43264770507812,150.7961641778543,146.00180629681233,146.3849609641259,90956700,0.7484641624176271,0.7508678962344436,0.7545894018921614,0.17769076948318618,0.5830238237344144
2021-08-31,149.16529846191406,150.11827560641547,148.63476737580575,149.98073328612602,86453100,0.7498506312353832,0.7526370601343219,0.7046012684977137,0.2017335510690783,0.5908571794230728
2021-09-01,149.83335876464844,152.2600100818127,149.6663441586924,150.14774978126363,80313700,0.7550498663239253,0.7548347870187831,0.6542571999429883,0.2068287335204762,0.5994498187967439
2021-09-02,150.953369140625,152.00459736719287,149.72530718864795,151.1695092434522,71115500,0.7609254436776045,0.7569551676011136,0.6755285916293213,0.21627377288629762,0.6111361937444308
2021-09-03,151.59193420410156,151.9161442810365,150.4031639220067,151.0614031723945,57808700,0.766090841957425,0.7587434118703925,0.643490137074721,0.2397623550320181,0.6223470092385099
2021-09-07,153.9400177001953,154.5000061313272,151.68038080580888,152.2502033263752,82278300,0.7719918002002228,0.7611197051123321,0.7291764690271683,0.31117994252795816,0.6428798851665251
2021-09-08,152.38775634765625,154.28387685872846,151.27758351498204,154.22493228194773,74420200,0.7766331021586894,0.7636869650885433,0.8207583252781987,0.32338832987912636,0.6480721009072559
2021-09-09,151.36599731445312,153.37018764087068,151.24809318396555,152.76107376547708,57305700,0.7814604080878009,0.7664783681639845,0.7696077548616598,0.28875586419779564,0.6442342262887042
2021-09-10,146.35546875,152.75120809215346,146.0902032499885,152.2796366406778,140893200,0.7826693288545146,0.7675424714215308,0.5682884258123417,0.2537236042889557,0.6104468919513459
2021-09-13,146.92532348632812,148.76249922624126,146.1393609000961,147.98637072909293,102404300,0.783472483653076,0.7687146517421782,0.5443220727048756,0.23229044844145347,0.5856432226638235
2021-09-14,145.5203857421875,148.4186231744242,144.33163048231586,147.71125847805982,109296300,0.7792454429732947,0.7695597546563092,0.5112148244400708,0.29062777455074057,0.5568141024731109
2021-09-15,146.41445922851562,146.81726715283398,143.80113975643818,145.9527067281489,83281300,0.776878323827175,0.7701267621180857,0.565469562555947,0.31691222018416737,0.5383691428127201
2021-09-16,146.17864990234375,146.35549860208525,144.6362120312662,145.83480158277348,68034100,0.7737334176413029,0.7707445729267085,0.5809297591529223,0.3403225614373672,0.5217781340680914
2021-09-17,143.49655151367188,146.2081213488854,143.20181370667203,146.2081213488854,129868800,0.7673167664755141,0.7705106241200596,0.48726115871226255,0.3914280098776599,0.49277303877092016
2021-09-20,140.4313201904297,142.2979680614232,138.79063148485392,141.27622727741362,123478900,0.7577129689167681,0.7695508526577924,0.2879035997237768,0.47017098774326477,0.4521709764439374
2021-09-21,140.91273498535156,142.06221417722685,140.27414875963487,141.40395977159233,75834000,0.7465028880215194,0.7687530407373514,0.3256853677459901,0.4330895807903226,0.42332369610843323
2021-09-22,143.290283203125,143.86009079116835,141.17800752361774,141.91484473928483,76404300,0.7386744396700959,0.768828043917947,0.3847567464234526,0.34635864649221093,0.41490939190496856
2021-09-23,144.25303649902344,144.49864883080187,143.0839194012002,144.0761878248297,64838200,0.732553680038861,0.7691189683100791,0.37968559457061446,0.23022282226494611,0.41447070861116897
2021-09-24,144.34146118164062,144.88181133910382,143.00532942454424,143.1035803589877,53477900,0.7308206104295536,0.7685281103865519,0.36139195054923945,0.21628816119179428,0.41526208602497583
2021-09-27,142.8186798095703,143.39833641093568,141.2958950689208,142.91693075651082,74150700,0.7272868107238051,0.7674093793233513,0.25064276974637845,0.19071118645528606,0.4077506343945778
2021-09-28,139.41941833496094,142.20957144104426,139.2032782360822,140.73589712559303,108972300,0.7220368795085752,0.7646470486564619,0.22822128633865124,0.2314036572175064,0.3830379951034034
2021-09-29,140.3232421875,141.9148053342999,139.53727971082554,139.96955982254588,74602000,0.7167953385613983,0.7624395766223947,0.2744206636692906,0.2108923775937665,0.36985457588127435
2021-09-30,139.0166015625,141.84606086491695,138.8004614773993,141.13869603931272,89056700,0.7106323387230782,0.7609819267710819,0.33244803957871055,0.19042485636340878,0.353153557475691
2021-10-01,140.1464080810547,140.41167363009774,136.6685436232225,139.40957099337092,94639600,0.7077495135236578,0.7597672162325081,0.35440032090693746,0.1865424547243557,0.34788604493704356
2021-10-04,136.69798278808594,139.7141090652618,135.84325677057336,139.2719949269764,98322000,0.7045369468506522,0.7570528520118386,0.31882595642639894,0.25342991317879676,0.325331213763301
2021-10-05,138.6334228515625,139.7435953699218,136.9141365576013,137.04185976512562,80861100,0.7025755805423748,0.7544734711564333,0.35490398470614504,0.26955403030756836,0.320423386408558
2021-10-06,139.50782775878906,139.6551891860821,135.94153130840195,137.02223174518275,83221100,0.6993207474016643,0.7521880239506386,0.3869175512061555,0.25453899977973804,0.3233010816085392
2021-10-07,140.7751922607422,141.68887815597228,140.21520380127083,140.5492330571654,61732700,0.6963280346383354,0.7506674032903519,0.4785103244291427,0.20693750670240602,0.33450358538680636
2021-10-08,140.3920135498047,141.6495475850892,140.0579843509609,141.50218617118406,58773200,0.6929295033856142,0.7492757381637848,0.5473967224738056,0.1325597162206353,0.342617157792264
2021-10-11,140.3035888671875,142.26848756147706,139.32113952004272,139.77307281576375,64452200,0.6907652475281059,0.7475391543673214,0.5304188458051942,0.0818791418132272,0.349911738001919
2021-10-12,139.0264129638672,140.73588036293728,138.56466053407794,140.71622717692813,73035900,0.6904270632652274,0.744056991610012,0.41416596432993197,0.08321235276863218,0.3496513009915615
2021-10-13,138.43695068359375,138.91834130277414,136.75695558768913,138.76116078950477,78762700,0.6888038943501387,0.7407817781913232,0.3614908580953724,0.08339173135476005,0.34742606642617463
2021-10-14,141.23690795898438,141.35481207051464,139.0263970028741,139.6158725875649,69907100,0.6907144857498684,0.7381574028808296,0.4616348053992463,0.1017331559238672,0.36316146335118915
2021-10-15,142.29794311523438,142.35688767057604,140.9912838382135,141.24673023267485,67940300,0.6925658988426873,0.7355150232666904,0.5336369949743857,0.1358152970516817,0.3827979057636727
2021-10-18,143.97793579101562,144.26283946799413,140.6474335440658,140.9323372210443,85589200,0.6988303565859326,0.7331905768292987,0.6910016859491489,0.1513768419040902,0.40882330018070334
2021-10-19,146.14915466308594,146.55196247996375,143.97795007247626,144.4298683623013,76378900,0.7052977038784094,0.7308121361141428,0.7190788371819956,0.23530023661309651,0.4423801445637166
2021-10-20,146.64039611816406,147.12180173428422,145.52040437071122,146.0902268374488,58418800,0.7114353359579204,0.7290575480140334,0.781185101749284,0.2961182033107028,0.47180260939999336
2021-10-21,146.85655212402344,147.0137476472788,145.27480777486807,146.19831273525557,61421000,0.7166683947248742,0.7276808779336338,0.7635370722748559,0.3433200110141923,0.4960700262221466
2021-10-22,146.08041381835938,147.54425393167557,146.03128834675383,147.06286328651325,58883400,0.7215633086198796,0.7275969075384155,0.9006158325381928,0.35419981039286685,0.5103205941674863
2021-10-25,146.03128051757812,146.74846439340308,145.02917791630992,146.07057189816248,50720600,0.7264920330629869,0.727323968816756,0.864298194980867,0.34850737529305287,0.520737968636276
2021-10-26,146.6993408203125,148.1926530050328,146.39476893627048,146.70915991683498,60893400,0.7330946488084911,0.7276838871911123,0.860176204135746,0.30447878254529936,0.5321542034734305
2021-10-27,146.2375946044922,147.10213985553239,145.8839122319342,146.7386383860378,56094900,0.7398071652482134,0.7276298929133483,0.8002479038610378,0.18775675330709585,0.537731373679392
2021-10-28,149.89227294921875,150.48173344045193,147.0922868951623,147.19053780585995,100077900,0.7472551759993638,0.7287636097061295,0.8967133070353474,0.18205757888688145,0.5623220293290463
2021-10-29,147.17091369628906,147.30845600384407,143.84041104314798,144.6361926076438,124953200,0.7514484061310434,0.729885340710222,0.764627218466494,0.1152339952717362,0.5648941503185227
2021-11-01,146.34567260742188,147.07267558601703,145.20602767920596,146.375144890825,74588300,0.753485862585437,0.7316909091723235,0.7845772808583796,0.07432171411586308,0.5610805281875741
2021-11-02,147.3870849609375,148.90988475411868,146.04111889020803,146.05095297989337,69122000,0.7545511115007604,0.7336674369989266,0.8301636421374576,0.0726598906616158,0.5630325525984444
2021-11-03,148.83128356933594,149.3028551426874,147.19059466557994,147.75058309812417,54511500,0.756436387662921,0.7353590263403019,0.8062724539685362,0.09117077218927802,0.5717938718045013
2021-11-04,148.31056213378906,149.75474890276215,147.9961711425925,148.91967594049794,60394600,0.7576875748973397,0.7365977317477194,0.7591860624837788,0.09706515007043134,0.5745003908989681
2021-11-05,148.84185791015625,149.74702870500494,147.6415191356496,149.4420272974096,65463900,0.7600638196088692,0.7379716394601862,0.7315126372474494,0.09781505906680493,0.5784768699026918
2021-11-08,148.01539611816406,149.12718897664993,147.73991001368617,148.9697640561292,55020900,0.7617711669409994,0.7395581237295924,0.6253823180720472,0.08284942950974769,0.5756017256259303
2021-11-09,148.37940979003906,148.98941251565574,147.6414974556841,147.77924049091575,56787900,0.7632168797172159,0.742293482878213,0.6207899968375833,0.07623227028997051,0.574231400169366
2021-11-10,145.53599548339844,147.71038387651012,145.46713146876658,147.6021561282038,65187100,0.7626131480660607,0.7438848630138889,0.5022979165270677,0.0932256109786794,0.5556267080803586
2021-11-11,145.48683166503906,147.02168734705307,145.299891419407,146.55927596689625,41000000,0.7588222306310186,0.7458601331012985,0.5268118921382597,0.09126755679108314,0.5397862976166289
2021-11-12,147.57264709472656,147.97602779837536,145.10309064575517,146.03777668648874,63804000,0.759167925431184,0.7481272592395022,0.598602151103695,0.09090218878544037,0.5385591379372923
2021-11-15,147.58248901367188,149.4321943467607,147.0216683492437,147.9465210157881,59222800,0.7602322158338815,0.7514501456319328,0.5783115530975343,0.08257300210874255,0.5368671357576326
2021-11-16,148.56640625,149.0485145623321,146.93315606164617,147.52349215785398,59256200,0.7612470312287156,0.7544825455118024,0.6247507045011349,0.08714428482312414,0.5404269834724582
2021-11-17,151.01626586914062,152.50192437291489,148.55655741151296,148.56639084071062,88807000,0.7631272259609285,0.7579959095177068,0.5879786704050632,0.13457060379199268,0.5564838497258461
2021-11-18,155.32565307617188,156.1127627253802,150.58334333688865,151.2327099234506,137827700,0.7691637677841923,0.762437960194616,0.80980395890462,0.298470486646453,0.5928331615539386
2021-11-19,157.96246337890625,158.42488972086917,154.00724839540393,155.10919286329815,117305600,0.7770121216854888,0.7678019709669891,0.8871710689027398,0.464792908792709,0.6350567231251285
2021-11-22,158.4248809814453,163.02944726502406,158.40519911335653,159.07423249970904,117467900,0.7859695666070063,0.7733341461278779,0.8798383978997489,0.571759890113233,0.6689079928293176
2021-11-23,158.80859375,159.19230760433507,156.49646218357938,158.5232592097014,96041900,0.7949439627586594,0.7793733671990483,0.8652148866414318,0.645123574424679,0.6953617894819424
2021-11-24,159.33004760742188,159.52682124459838,157.06711324772664,158.15922419885234,69463600,0.8068138548588275,0.7857517353147027,0.8982787847124558,0.649373143131813,0.7165097986239222
2021-11-26,154.2827606201172,157.86409575967457,153.8400160724075,156.99828853676036,76959800,0.8143828220251681,0.7897344503214184,0.6872813681469527,0.5602759556994221,0.7012634424176012
2021-11-29,157.65745544433594,158.59214151775933,156.23081273910012,156.8014668186211,88748200,0.8230608802117294,0.7944234930262467,0.7698586402518861,0.5032244927471905,0.706067050133516
2021-11-30,162.63589477539062,162.85235027883988,157.34259839391257,157.41147742358555,174048100,0.8360144561823797,0.8001195050211657,0.8256688505167825,0.4754401764863238,0.7357392384097018
2021-12-01,162.11447143554688,167.55534541684816,161.8783340157676,164.78078703270114,152052500,0.8476726745559653,0.8049934912870148,0.8977080941362354,0.3854819428654186,0.7529565608227633
2021-12-02,161.12071228027344,161.55362330337118,155.2567766388586,156.1816292767735,136739200,0.8563676314514228,0.8094141277895747,0.8669986420377689,0.2807428683531045,0.7575056809369205
2021-12-03,159.23167419433594,162.30140038632877,157.14584634317362,161.37654765598526,118023100,0.8597287938420475,0.8131920781972327,0.7876687977251111,0.24313729581189836,0.7469337105468722
2021-12-06,162.6555938720703,165.17433271042214,161.63234683594757,161.64218026428557,107497000,0.8637672701407448,0.8182522471301231,0.8246835871880561,0.26823314001623516,0.7551619595113352
2021-12-07,168.421142578125,168.814704921012,165.6269175015346,166.35499657622435,120405400,0.87236913313871,0.8250875565532095,0.864966261613884,0.41997495647825134,0.7914802924793689
2021-12-08,172.25827026367188,173.124092272762,167.94885709843913,169.35581786321058,116998900,0.8839426872737866,0.8328903375974049,0.8747632029598569,0.6069868397189915,0.8383124813335512
2021-12-09,171.7466583251953,173.90136505237254,171.1169736434836,172.0910234690597,108923700,0.8946272800348274,0.8406778953390613,0.8286094728309251,0.7038295722471164,0.8678616963297152
2021-12-10,176.55784606933594,176.73495286088573,171.87456720769728,172.38619070089263,115402700,0.913795169095053,0.8488185191056147,0.8468121338254545,0.7621552933522384,0.9141166748165461
2021-12-13,172.90765380859375,179.19466739552252,172.70103171320386,178.20093567002317,153237000,0.9269180866730313,0.8566755832417595,0.7621974236202256,0.7290958165923771,0.9243164011511469
2021-12-14,171.52037048339844,174.87541600242255,169.43454277672873,172.42554128087525,139380400,0.9345632490279681,0.864361063802099,0.7314486344333521,0.7219907004740493,0.9191535076551293
2021-12-15,176.41029357910156,176.60706725313293,169.5329433271183,172.28781980216436,131063300,0.9468649182402844,0.8732214404680859,0.7704902692414586,0.7457149243075194,0.938080258690177
2021-12-16,169.48373413085938,178.22062275638177,167.99807573252775,176.39059919327553,150185800,0.954061365383247,0.8795263426399379,0.7381656930083712,0.6539091923645548,0.9077708142017794
2021-12-17,168.3817901611328,170.67424008979302,166.95516235498613,167.19128474267674,195432700,0.961935113303972,0.8856538057612923,0.68912628666347,0.4652594045206871,0.8726979991083943
2021-12-20,167.01416015625,167.83078495001584,164.7610744098764,165.567850764177,107499100,0.9656856944268708,0.8912015535967187,0.6109821583448676,0.3538011991626525,0.8327663320526202
2021-12-21,170.20196533203125,170.40857240308912,166.39432702385977,168.79500450669104,91185900,0.9672181066396375,0.8979748005780269,0.6568494475602036,0.33539363485071394,0.8156571731376892
2021-12-22,172.80923461914062,173.02569011160872,169.3754770457742,170.25113244244412,92135300,0.9676922158710402,0.9054328818921117,0.699505356096029,0.33760999332746433,0.8132882781827273
2021-12-23,173.43896484375,173.99978558887395,172.44524801270546,173.01590218721307,68356600,0.9691484591558306,0.9139512652964014,0.7372763112869253,0.3439309619108384,0.8111326401400869
2021-12-27,177.42369079589844,177.51223669655022,174.21623639838188,174.23590325661414,74919600,0.9698935254632062,0.92370113841177,0.7422625968635846,0.36370554968404295,0.8284455038367713
2021-12-28,176.40042114257812,178.4075513781422,175.65267527782174,177.25640977812765,79144300,0.972899079669659,0.9325018516570339,0.6656459543644156,0.40086357096414765,0.8320396464214326
2021-12-29,176.48899841308594,177.7188525886418,175.2689776663019,176.43980124349002,62348900,0.9771746237143679,0.9413266016957808,0.6170680146729233,0.42920777739107313,0.8312329016028503
2021-12-30,175.32798767089844,177.6598011226114,175.21975991564707,176.57752357009767,59773000,0.9762432908301482,0.9494965354438446,0.6055266253320536,0.41611421468269594,0.8198075832407439
2021-12-31,174.70816040039062,176.34139522760188,174.40314397424044,175.21976889427975,64062300,0.9807389513907325,0.9567293370351316,0.5153317347663835,0.39807057803154927,0.8033025595338924
2022-01-03,179.0765838623047,179.9325724934608,174.8458979227722,174.96395910795226,104487900,0.9899419068475546,0.9639801615632376,0.6569223638527634,0.39697425121591245,0.8116668758702441
2022-01-04,176.80381774902344,179.99160489675614,176.23316366013424,179.68660349006143,99310400,0.9983659854488987,0.9697321615854576,0.6389645133001561,0.2631779452973202,0.8012620052619479
2022-01-05,172.10086059570312,177.26624778747964,171.82537447983776,176.71527555574892,94537600,1.0,0.9739072454727314,0.4743864823755028,0.2140448500259376,0.7623073163813866
2022-01-06,169.2279052734375,172.47472273765217,168.87370673165287,169.91662049000044,96904000,0.9969182374746413,0.9770881144769991,0.5435459898003996,0.3023082333338623,0.7119431361258269
2022-01-07,169.39515686035156,171.3334078294236,168.2735306915419,170.10355391569084,86709100,0.993438508385236,0.9801608505186462,0.5689753426619486,0.36847829581420827,0.6706820135658169
2022-01-10,169.4148712158203,169.71987264285875,165.4596560671489,166.3549934911358,106765600,0.9865468551269683,0.9847804706782651,0.5993025129049424,0.39801940123221563,0.6361754213780482
2022-01-11,172.25827026367188,172.3566495746992,168.06693328968436,169.5427580708883,76138300,0.9829825011899835,0.9892378937230996,0.5925678542884044,0.3870392786762813,0.6235781695190556
2022-01-12,172.7010498046875,174.3244513888946,172.00250100677792,173.28153740021668,74805200,0.9797229411376935,0.9923106437396262,0.5460282158232447,0.3659186388253181,0.614496634463085
2022-01-13,169.4148712158203,173.7734671157762,169.021308880232,172.9470087303428,84505800,0.9746346571681654,0.9945393529328969,0.46391113472174034,0.37702275335662017,0.5868475352638688
2022-01-14,170.28067016601562,170.97921882070173,168.33257064894323,168.57854144538373,80440800,0.9708247664352565,0.9973357590153537,0.37937299197554863,0.3731181380509893,0.5688223746620987
2022-01-18,167.06338500976562,169.75921560588677,166.67967112863838,168.7458170220669,90956700,0.960487312808475,0.9997266699817026,0.3454280130704217,0.28066116308871747,0.5350825079516279
2022-01-19,163.55091857910156,168.32275864245793,163.26559902458186,167.26016286506513,94815000,0.9490830871504168,1.0,0.2988404632094988,0.2825295062691344,0.48771902153593105
2022-01-20,161.85862731933594,166.94530189723943,161.53394404676334,164.28882013685183,91420500,0.9402695635561786,0.9979965565546475,0.29305870901680436,0.38195282291143656,0.44067972441062686
2022-01-21,159.79249572753906,163.6493165916426,159.68426796038625,161.77009582238404,122848900,0.9321503182304591,0.9941909312264309,0.2782818096552764,0.5060531314037398,0.39228250153132443
2022-01-24,159.0151824951172,159.68423081265624,152.20671321566417,157.44097853613158,162294600,0.9232182673283704,0.9903041910367952,0.13962371941642188,0.5972441038908027,0.35077809697361484
2022-01-25,157.2048797607422,160.13684792706067,154.48936713148768,156.41777008167946,115798400,0.9127114720942606,0.984396003098161,0.14251664592259014,0.6835144657443937,0.30921176845298387
2022-01-26,157.11631774902344,161.74056599656424,155.2764608855422,160.86491050929132,108275300,0.899681700935014,0.9795751306926405,0.1775749985492015,0.6784663806179652,0.2779632485050817
2022-01-27,156.65391540527344,161.19945188757413,155.72906261160534,159.83185456858192,121954600,0.8858730135293598,0.9750366114195604,0.20194338410140428,0.6057923161855918,0.25300660962350485
2022-01-28,167.5848388671875,167.60452073615352,160.17619905897428,163.03930297240717,179935700,0.8842982560670287,0.9723423244430603,0.5154190692210849,0.5717077133112038,0.2987267338372122
2022-01-31,171.96311950683594,172.17957503076116,166.77805038659238,167.41758353014143,115541600,0.8857460171715961,0.9730992458648199,0.5895828599928544,0.6156019292229891,0.36164973510144205
2022-02-01,171.79586791992188,172.0221568809913,169.53293327062335,171.20553191997683,86213900,0.8898183565396354,0.974141515701619,0.5405049742640163,0.7029792721857486,0.41121636301250336
2022-02-02,173.00601196289062,173.04537569665726,170.53647062576493,171.93358291716743,84914300,0.8979545399651807,0.9759707436354451,0.5537267812194987,0.8158779219157535,0.45766785883996236
2022-02-03,170.11338806152344,173.3995691426872,169.3459604171391,171.66792521659727,89418100,0.905057827559101,0.9759437022427767,0.5605531369438583,0.8505830822591967,0.47757602071178745
2022-02-04,169.82772827148438,171.5123187730984,168.14313776987035,169.1282745462075,82465400,0.9136932253686596,0.9750334903630423,0.5406209261402823,0.8481418699864447,0.4914401263859377
2022-02-07,169.10858154296875,171.3645381321525,168.40912782220335,170.29074266054957,77251200,0.9223786759197186,0.9737114853546432,0.5871993843140576,0.807689361788603,0.4979201718175042
2022-02-08,172.2314453125,172.74372058834862,168.88197162517284,169.1775156317006,74829200,0.9353091556751805,0.972126365965177,0.7147016722043902,0.7222125567951048,0.520616241452096
2022-02-09,173.65992736816406,174.02442320219117,172.30043366850177,173.43335009555227,71285000,0.9495450639754328,0.9712897318282846,0.7764021262568234,0.5726113459679123,0.5460230916504977
2022-02-10,169.5617218017578,172.87178167224684,169.00020170665326,171.55170211899048,90865900,0.9606523345438318,0.9691749318813404,0.7253266378926917,0.17800810438217923,0.5415094555492085
2022-02-11,166.13348388671875,170.50749406654586,165.54239574220313,169.7686414018993,98670700,0.9594034319833433,0.9663679794228278,0.6676057743010145,0.21843690539316568,0.51745472466523
2022-02-14,166.3699188232422,167.05951162338678,164.08439407762512,164.88235253436352,86185500,0.9545904380920691,0.9638224317517378,0.7090529805635128,0.2626318837376684,0.49942031863384867
2022-02-15,170.2218017578125,170.3794272726593,167.7195605956041,168.42886038041834,62527400,0.953235941579023,0.9611191915354945,0.7548515545750183,0.25438338325061455,0.5070815509850104
2022-02-16,169.98536682128906,170.76361832030156,167.52252469125588,169.29577403127885,61177400,0.9506366522925005,0.959037614536442,0.759690923137951,0.22432849454134873,0.5112970706534817
2022-02-17,166.3699188232422,169.35488232615032,165.9660091003019,168.48795707339963,69589300,0.9474153670936931,0.9572880387599353,0.5245568673773648,0.25400279566455386,0.49335006653782243
2022-02-18,164.8134002685547,168.0052340857905,163.71989774879913,167.29594937351246,82772700,0.9431004977707065,0.9559403525805142,0.39254926256684486,0.30259396209100303,0.4700738109536267
2022-02-22,161.87767028808594,164.21243946447404,159.73991041394962,162.52784908789482,91162800,0.9368782408436163,0.9536453698483126,0.3523734113587234,0.4004437258061769,0.4349629144749454
2022-02-23,157.6908721923828,163.68049136917585,157.37562116623778,163.0795572535836,90009200,0.9243659614598225,0.9500661981328081,0.27329179938528075,0.5273138427386792,0.3837917048656374
2022-02-24,160.3211669921875,160.42953264062146,149.74079243125084,150.31217357463046,141147500,0.9128878515477179,0.9464219686929266,0.3711246190361554,0.483394274924378,0.35978985992316914
2022-02-25,162.39981079101562,162.66578690938127,158.4789554243499,161.4048129823314,91974200,0.9067249698821873,0.9432771455622969,0.4210329737223677,0.4579319587764162,0.35417844926848235
2022-02-28,162.66580200195312,162.9613460817757,160.015781305138,160.6364223695658,95056600,0.9037410019052803,0.9412167498229281,0.4364557800563729,0.4585011407247323,0.3526244582734651
2022-03-01,160.7743377685547,164.12381222056385,159.5626236003494,162.25204310655977,83474400,0.8989259596856549,0.9383146004823185,0.34165347295121484,0.46693621381092937,0.34187093919743045
2022-03-02,164.08436584472656,164.8724782087133,160.52802176733047,161.94662101610797,79724800,0.8936446470296624,0.9374051479043938,0.3851091602024811,0.3776146311718049,0.3539186602626441
2022-03-03,163.75927734375,166.39945164394126,163.08939157074246,165.96598906988046,76678400,0.8882870472729039,0.9374687568995511,0.4372762639379019,0.25169550859845535,0.3628069554097368
2022-03-04,160.74478149414062,163.08941205818934,159.6906928584352,162.04516937967895,83737200,0.8834465716429198,0.9371287154627511,0.44379142694889656,0.20283552319857306,0.3536660534666287
2022-03-07,156.93226623535156,162.56724889220854,156.6761210942269,160.93191849884272,96418800,0.8766647928182509,0.9362555276982499,0.384544529019912,0.23614620996831648,0.3259186887134552
2022-03-08,155.0999298095703,160.4590760477699,153.4843061670537,156.45942331275887,131148300,0.8708324929661422,0.9350602562176614,0.26902423434645095,0.32104845252702996,0.2952873664867116
2022-03-09,160.52801513671875,160.9811846126907,157.04063798751446,159.0798630494071,91454900,0.8732738771452964,0.9360747626263287,0.39833612616877084,0.3000457686866977,0.3044619336558221
2022-03-10,156.16387939453125,158.00608027819325,153.66162367046195,157.81890189348016,105342000,0.869696497940849,0.9357839966161693,0.38966995762474627,0.3459993520463693,0.2884555711909175
2022-03-11,152.4302215576172,156.91259725992478,152.2036442896399,156.56779334744132,96970100,0.8611175867246632,0.9344945623945985,0.3663214107086038,0.4443190729897359,0.256525516168685
2022-03-14,148.3813018798828,151.8292807234323,147.86904156044886,149.19896723804965,108732100,0.8488256602023241,0.9286319931223562,0.3553429893193938,0.5881224590767395,0.21067210374253031
2022-03-15,152.78485107421875,153.25772752525916,148.1448655173351,148.6571257913053,92964300,0.8419506430467534,0.9227771379838362,0.4786837425411646,0.6044727603365754,0.2029981141627899
2022-03-16,157.21798706054688,157.62189677872126,152.16424521683604,154.71574606326269,102300200,0.8360420692241888,0.9183267163538477,0.5062105698258265,0.5234011991083887,0.22549422800305877
2022-03-17,158.23265075683594,158.60700751026562,155.28710166640653,156.25253141620664,75615400,0.8312863628751934,0.9138166173282561,0.49025172432676406,0.4291283379001552,0.251729948516068
2022-03-18,161.542724609375,162.0352929982588,157.3854462046361,158.12429878796183,123511700,0.8319729993033254,0.9112001145334577,0.5338979422078689,0.444935076632844,0.2937853538235633
2022-03-21,162.9219207763672,163.87750462789964,160.5871364535125,161.07970482927175,95811400,0.8371271449075253,0.9090918688052013,0.5768718297560711,0.5215458351674205,0.33666155934060593
2022-03-22,166.310791015625,166.90186403813098,162.4589027695207,163.0499757920267,81532000,0.8467741805769116,0.9082377427769278,0.5778597793774796,0.6408900534458517,0.39123924177153163
2022-03-23,167.68014526367188,170.07402052830085,165.15818236981434,165.49314031396403,98062700,0.8529286457137688,0.9068482949979767,0.5989872761543893,0.7502711104874764,0.442759213674662
2022-03-24,171.48275756835938,171.551709322727,167.68012919455944,168.51748639470068,90131400,0.8661106628167985,0.9061836357335283,0.6843422562853639,0.9043071664534768,0.5052772322971019
2022-03-25,172.12310791015625,172.67478212909984,170.18238715508997,171.29559658174085,80546200,0.8830565489163886,0.9069655908235396,0.7547793329927157,0.9570952225599274,0.557530037278812
2022-03-28,172.99002075195312,173.11807830876265,169.4435224096512,169.61099385470519,90371900,0.9042325481882867,0.9090587949226957,0.7969839093802771,0.8390655150255748,0.6024465863029349
2022-03-29,176.3000946044922,176.34933942064572,173.71902587505284,174.0638297800986,100589400,0.924467603189087,0.9120903376765962,0.7791495966308706,0.7898758052936945,0.6551411975631616
2022-03-30,175.12779235839844,176.94044066158713,174.0736886513943,175.8961979441414,92633200,0.9398791337900392,0.913588067483554,0.8498191829778905,0.7317437818051526,0.6875747613571617
2022-03-31,172.01473999023438,175.38390609608072,171.80785464486016,175.196727695979,103049300,0.9517387317272124,0.9142076065189951,0.8650048473612766,0.5850964182840226,0.6926136717780983
2022-04-01,171.71920776367188,172.28074300264421,169.38443815993526,171.44337063884205,78751300,0.9604956768159083,0.9158406690632149,0.969207532859217,0.46272665688956943,0.6923207832781373
2022-04-04,175.78782653808594,175.83708638827935,171.84727903454487,171.97535163864862,76468400,0.9715668915532054,0.9191910067781254,0.9674879321225013,0.3516881824883073,0.7129290717832988
2022-04-05,172.45803833007812,175.64988683528978,171.82755140667763,174.86177442304066,73401800,0.976856646998491,0.9224210440682873,0.8359641010390818,0.2553167111612207,0.707168924672541
2022-04-06,169.27606201171875,171.0493112985937,167.60133241989047,169.79818332507708,89058800,0.9782299461153745,0.9259578392895448,0.7432328182711723,0.21176879177862246,0.6816646747295769
2022-04-07,169.58145141601562,170.7833195377172,167.32549471465475,168.61602154238474,77594700,0.9765938569753021,0.9287848736505194,0.7043505988617083,0.23978460157958276,0.6610194599813868
2022-04-08,167.56192016601562,169.2268038174018,166.68514898671697,169.2268038174018,76575500,0.9726689184666772,0.9303607929106971,0.6366103832254794,0.307097300813088,0.6310581196886068
2022-04-11,163.2864227294922,166.51767019391744,163.04013853231345,166.2024342381658,72246700,0.9643188948134087,0.9305502596745227,0.49274389073149044,0.4570216943583813,0.5811771181838067
2022-04-12,165.16806030273438,167.34520448708324,164.16321643119062,165.5227101966912,79265200,0.9547396903251852,0.9318916012584543,0.5029314189465695,0.45785664454084024,0.5516351414192157
2022-04-13,167.86727905273438,168.49776590709988,164.29124323700162,164.90202314942036,70618900,0.9484919605968065,0.9330464713611591,0.4805725132142921,0.4121536320253413,0.5430625483905447
2022-04-14,162.83326721191406,168.72439653866832,162.58698299353122,168.0840485516755,75329400,0.9405912298891497,0.9327637735150137,0.3954775878770969,0.4669128536791531,0.5065837021821681
2022-04-18,162.61654663085938,164.12380480496248,161.1388413596214,161.48363023704638,69023900,0.9327583172323455,0.9333351970388487,0.3744389334157458,0.49632191553834465,0.47633548580740914
2022-04-19,164.91188049316406,165.32565114265935,161.47376296963859,162.56726532731986,67723800,0.9233994787358866,0.935771260842258,0.3516846811911758,0.36077194393960815,0.4657470788015659
2022-04-20,164.74441528320312,166.36989994769078,163.63122097212312,166.25167331536827,67929800,0.916761844453766,0.9387155863705022,0.3635697885076473,0.26786932243215855,0.45653177659124644
2022-04-21,163.94644165039062,168.98049059953183,163.44402736378478,166.39943735274457,87227800,0.912175663536438,0.9397591838208949,0.39392617729905854,0.2333936959549765,0.4448745637527803
2022-04-22,159.38526916503906,165.37490244633076,159.09958611983004,163.98587104446065,84882400,0.9034017672176062,0.9407426287297668,0.3411251112301972,0.2494500707010836,0.40981474491869224
2022-04-25,160.45907592773438,160.7447589663099,156.10477337045293,158.72522565667649,96046400,0.8972897129818633,0.9431937248456893,0.2665149150619561,0.2437688382338763,0.3891960865694576
2022-04-26,154.46946716308594,159.927118912707,154.39065440814608,159.83846020039812,95623200,0.8897026522484219,0.9450523559268925,0.24309447445580562,0.4195818325301745,0.3395423147995814
2022-04-27,154.2428741455078,157.4150007741114,153.07055896241795,153.59268025761008,88063200,0.8803014422417788,0.9454974698276083,0.26936125670901956,0.5127205451313759,0.3008187446307047
2022-04-28,161.20779418945312,162.07471943122334,156.56779299297258,156.88304400161465,130216800,0.8745709022917243,0.9467155017293128,0.4201434168808873,0.43483020195827177,0.3124204125036197
2022-04-29,155.30679321289062,163.7297149213484,154.9127445495681,159.43451835036365,131747600,0.8680943112610482,0.9458222786452825,0.3779572782561621,0.4742332227191894,0.289394537754491
2022-05-02,155.6122283935547,155.8782045284846,150.99193401486136,154.38080729185586,123055300,0.8620670394366037,0.9440117817088586,0.430595320446399,0.49036526559081434,0.27516164792235254
2022-05-03,157.10963439941406,158.3213636541566,153.9966131048799,155.799400470235,88966500,0.8553531443143372,0.9422373725707126,0.4234286316418625,0.4350922806816096,0.27482877349519197
2022-05-04,163.5524139404297,164.0055684455129,156.89287962543,157.29678931665225,108256500,0.8543274176319409,0.9413952789140602,0.4875978654982233,0.4093561800544243,0.31380473247684865
2022-05-05,154.4398956298828,161.64124301290533,152.64693949326463,161.41466576478126,130525300,0.8461469588012693,0.9373532172505664,0.4406052768507496,0.3640732049224322,0.29375770791659594
2022-05-06,155.1699676513672,157.30099321709514,152.1115504938457,153.91700145474738,116124600,0.8425196581584204,0.9323731523294464,0.4538481114791452,0.3657406435219092,0.2842487952521644
2022-05-09,150.01998901367188,153.73941561249285,149.45764385540176,152.85148081205793,131577900,0.8335367404356147,0.9256253815542544,0.3702194259707425,0.4255008282417559,0.24931949742110512
2022-05-10,152.43710327148438,154.63719664476065,150.87829859313095,153.4335628431723,115366700,0.8317878750634464,0.9193508654296682,0.4076478097193709,0.4451748764233135,0.23835036887699312
2022-05-11,144.5345916748047,153.36451764343903,143.85384613812707,151.44068137940286,142689800,0.8234338204050256,0.9096533049481784,0.35340710452541296,0.6300078096616006,0.18698481211133056
2022-05-12,140.64743041992188,144.23859603195632,136.93787953021916,140.85461970992037,182602000,0.8057414630548956,0.8991269362625581,0.35797846998599203,0.7818825085570584,0.1276260594307873
2022-05-13,145.1364288330078,146.1131527892769,141.19009131058664,142.65023197873924,113990900,0.7969897832204866,0.8909213665706676,0.40143340102653874,0.8299552417650249,0.11080832347084618
2022-05-16,143.5874786376953,145.54092647551983,142.24572332922702,143.59735411573675,86643800,0.7866423899490784,0.8823331460330642,0.4358669424289714,0.8717799704164733,0.09281975785077318
2022-05-17,147.23782348632812,147.7607118798002,144.71215542512041,146.86291669324274,78336300,0.7781476177590043,0.8736172323592283,0.48014926964390753,0.8304645165614104,0.10399254896496829
2022-05-18,138.93080139160156,145.38305576655117,138.02313063348345,144.87990321822826,109742900,0.7569605233752046,0.8633818393069667,0.33579983767671784,0.6690251599380472,0.0691815906396317
2022-05-19,135.50733947753906,139.75951476961413,134.76740136256322,138.00339618106452,136095600,0.7406689074897381,0.8530727241047701,0.3515017444261216,0.7301740082507728,0.026799736767910143
2022-05-20,135.74412536621094,138.81240303157122,130.8309399431796,137.2240017632513,137426100,0.7239528149444514,0.8427426652158491,0.3505876915799031,0.6767390077057975,0.0
2022-05-23,141.19004821777344,141.3380298080654,135.8032925199713,135.9414136889366,117726300,0.7163545803172491,0.83469170427894,0.39991047886797976,0.6134905208224049,0.01564410914103359
2022-05-24,138.47695922851562,140.06536039628463,135.48761030005602,138.9209191087074,104132700,0.7043417647933574,0.8271177246272853,0.2996307027403696,0.45090812501262406,0.017484293994430467
2022-05-25,138.63479614257812,139.8877470581811,136.48403506650843,136.57282401881199,92482700,0.6992649435844087,0.8190174929220292,0.36358856083994606,0.43372010916265497,0.02498399412650082
2022-05-26,141.85107421875,142.40355895877516,135.30015577230265,135.5468018208196,90601500,0.700300688693291,0.8110751121438987,0.4000572993026555,0.4368165416044551,0.054405256723561946
2022-05-27,147.63246154785156,147.67191829271428,143.31121786248204,143.43947862792666,90978500,0.7024485447936812,0.8064345203477951,0.5222419938729633,0.48735315045572564,0.11540463826079167
2022-05-31,146.8431854248047,148.6387758545306,144.87001706901614,147.07011062465787,103718400,0.705250106504868,0.8016191354117944,0.4849739313144275,0.5322412357005935,0.1626963919645406
2022-06-01,146.71493530273438,149.7042840674564,145.6987397803345,147.8889577936666,74286600,0.704800157043759,0.7960638644326711,0.5777212505979243,0.5225171665509558,0.20250768187368062
2022-06-02,149.1814422607422,149.24063491946666,144.88979385420865,145.84678198114523,72348100,0.7136209154387754,0.7913127080448384,0.6665782510515069,0.5971286585874629,0.25091325830458117
2022-06-03,143.4296112060547,145.98486058899564,142.52195557770006,144.92920830294685,88570300,0.7204380935790493,0.7850492087839317,0.525619669247422,0.5222216210429163,0.2582803789651955
2022-06-06,144.17942810058594,146.57683576275574,142.9560581567467,145.0574875199462,71598400,0.7276967390002091,0.7804070797510355,0.5566420185366588,0.4198776401879776,0.27076753369464074
2022-06-07,146.71493530273438,147.00103808191767,142.16678177736554,142.41342781441574,67808200,0.732450948493871,0.7762111872675429,0.5411983173468006,0.4169122952648013,0.29738387770248953
2022-06-08,145.97503662109375,147.85940141204517,145.48174441374954,146.58671414089386,53950200,0.7389031040177443,0.7736179573061247,0.6694293220047293,0.3363203007564597,0.3159472254348149
2022-06-09,140.7263641357422,145.9651236224784,140.61783927585907,145.10680021963537,69473000,0.7407029149924891,0.7694915572422406,0.6335611094567171,0.27782845567696984,0.30208356126775393
2022-06-10,135.290283203125,138.8715732692795,135.2212150897829,138.39801711378644,91437900,0.7350573018871427,0.761579306305244,0.5420841677796013,0.46094432607347097,0.2618953132070333
2022-06-13,130.11073303222656,133.3861848467611,129.6766335624987,131.0874417850336,122207100,0.7199797144589575,0.7538873041342699,0.3898326539660321,0.7127456070498359,0.20301432992859614
2022-06-14,130.9789276123047,132.0937727002188,129.71610089948248,131.3439740438812,84784300,0.7063283938179639,0.7463671044788868,0.43605979289784097,0.8292423089108705,0.16490767667083717
2022-06-15,133.61309814453125,135.49747768055312,130.38697847648072,132.48839269838643,91533000,0.6950541582283363,0.7391939430168565,0.47770161666430216,0.843453506563145,0.15365826899124874
2022-06-16,128.31512451171875,130.61386725104276,127.30880452340455,130.30802859137827,108123900,0.67709852503355,0.7284364950332666,0.3667056019144436,0.8534357280395564,0.11800320929902858
2022-06-17,129.79501342773438,131.2946256093659,128.06849109789493,128.32501262151087,134520300,0.6653658446722805,0.7209127597332609,0.2826969489134077,0.8714224174479486,0.10257691468170205
2022-06-21,134.04718017578125,135.221217692565,131.5314027016207,131.63005208162124,81000500,0.656646964352108,0.7144642703284004,0.37327520769660444,0.8060022796987472,0.11910388844730463
2022-06-22,133.5341796875,135.9118362074978,132.1134960074851,132.9816798809872,73409200,0.6453048187994579,0.7094313850194308,0.3696149044357258,0.6389499733989659,0.13309783241560402
2022-06-23,136.41500854492188,136.7307076769902,133.81042672551413,134.98446439237523,72433800,0.6370783382324381,0.7045400652441726,0.3768874132842081,0.40984042919827873,0.1644477151332468
2022-06-24,139.75953674316406,140.006182820268,137.89489300242144,138.02313872573984,89116800,0.6362463755338628,0.7030823082521137,0.4963098440456792,0.38206291740814247,0.2117025769110572
2022-06-27,139.75953674316406,141.56498783405482,139.07879116170406,140.7855778001205,70207900,0.6400922039250843,0.7028112468226583,0.4844710359009325,0.4540917813929361,0.2516633766948896
2022-06-28,135.59613037109375,141.4958994767852,135.47774508831563,140.22321252468137,67083400,0.6448124321766149,0.6998987281211392,0.393602826627558,0.43255644890713413,0.26153230896646856
2022-06-29,137.3621063232422,138.78278990100551,134.83645332014265,135.6158632251475,66242400,0.6503052084742313,0.6979982096664862,0.4313818788051096,0.4244775707951856,0.28178107537931774
2022-06-30,134.88577270507812,136.51363036817662,131.97535276440732,135.40866104796808,98964500,0.6514003551052934,0.694227302598314,0.4636273395282295,0.4213489480572953,0.28555632704742917
2022-07-01,137.06613159179688,137.17465645272313,133.84001219295945,134.2149039410031,71051600,0.658930666639163,0.6936580451808684,0.5766319644309287,0.31915764339912045,0.30313799117168694
2022-07-05,139.660888671875,139.71022090389846,135.09299797082392,135.92174032820074,73353800,0.6674203311386699,0.6949260652280899,0.7109313786898572,0.2331750760530002,0.3337172988202627
2022-07-06,141.00257873535156,142.1864764847532,139.1872678493306,139.45364973552088,74064300,0.6734055071894389,0.6965313969522314,0.7166718324110195,0.24880257170391545,0.36693169539324194
2022-07-07,144.38661193847656,144.5839257789304,141.3577910455227,141.36765146861703,66253700,0.6827441118782764,0.6975072628178866,0.7254510948305106,0.303256964984818,0.4135668334380055
2022-07-08,145.0673370361328,145.57050462277482,143.05471185180627,143.31121832945087,64547800,0.6901895096977484,0.6995192123068245,0.8645205235811957,0.37274841434689426,0.45465290076826276
2022-07-11,142.92642211914062,144.67268004918193,141.85104915062738,143.71569234572996,63141600,0.6929146398747594,0.7008293852502142,0.7910638267000694,0.3957761065345375,0.4747108445845098
2022-07-12,143.90316772460938,146.4584171134617,143.1040369550832,143.80450328591834,77588800,0.6964802674518085,0.7014558604843949,0.7515325516112693,0.42627548585616165,0.49597837592354066
2022-07-13,143.53814697265625,144.4852594159091,140.2133478360652,141.0716863644841,71185600,0.703314436213148,0.7002059239318056,0.7556578094415453,0.3941776847328346,0.5102418156149847
2022-07-14,146.47813415527344,146.95169028105207,141.32816424343767,142.1470308061019,78140700,0.7111588510214615,0.7000944789226408,0.7564479023249113,0.4120099946577467,0.5378448115424268
2022-07-15,148.1553192138672,148.83606459051612,146.2117475067102,147.77055205151046,76259900,0.7225774018476672,0.7005342078362894,0.7328376883999597,0.3541668722559136,0.5683287596385106
2022-07-18,145.09695434570312,149.53658351575038,144.73190793272408,148.71771677345194,81420900,0.7294879890128716,0.699287271224592,0.653657867852958,0.24988219788875732,0.5735133410407446
2022-07-19,148.9742431640625,149.20115335903668,144.93911661451918,145.93556143078237,82982400,0.7375022049893614,0.7009799692397752,0.8145692820544203,0.24037095461143965,0.5986676978419132
2022-07-20,150.98684692382812,151.65773204162863,148.35266878408055,149.09260697122585,64823400,0.7460937475637119,0.7030581782927642,0.8172241757208124,0.2719033303536805,0.6284672789532155
2022-07-21,153.265869140625,153.48291887978365,149.90161323774686,152.42726650714104,65086600,0.7537344193526483,0.705058086093494,0.9134237019528142,0.37624892613736527,0.6630974493890126
2022-07-22,152.02273559570312,154.18335711569975,151.35186565466796,153.30529789635773,66675400,0.7597195954034173,0.7069043633808373,0.8552005126117899,0.4149959485280554,0.6808803151534693
2022-07-25,150.8980712890625,152.9600289398078,150.2370615899563,151.94384827732253,53623900,0.766579263226665,0.7100096422595524,0.7914384668265885,0.38179957117655866,0.6859417626118374
2022-07-26,149.56617736816406,151.03617825668115,148.77690696237937,150.21731152791162,55138700,0.771452328285926,0.7143678716066292,0.7337150725321512,0.3343451080821237,0.6797879239611689
2022-07-27,154.6865692138672,155.21933324688615,150.11869344944282,150.53305711174423,78620700,0.781045634727028,0.7218705281294041,0.7578459051441914,0.3158908679633297,0.7019903144927868
2022-07-28,155.23902893066406,155.52513172309773,152.3384689919664,154.87398254214926,81378700,0.7885844547017404,0.7292767952469942,0.7561632321923679,0.333128112231633,0.719910062025665
2022-07-29,160.32980346679688,161.43478808024193,157.36019024896586,159.07685228933292,101786900,0.799060695704614,0.7374330289544314,0.8706643380637236,0.46868395567860416,0.7603461193454779
2022-08-01,159.34324645996094,161.39534388845098,158.73156892840237,158.84995424313402,67829400,0.8113197439308573,0.7469054774116825,0.8342368028050408,0.4374820125647501,0.7830437259922705
2022-08-02,157.8633270263672,160.2311380578776,157.48843527995646,157.9521310424326,59907000,0.8189688716393964,0.7554743380822869,0.8045906008110861,0.41847566772566647,0.7887503032616356
2022-08-03,163.90122985839844,164.35505013767212,158.59340230756456,158.6821912681947,82507500,0.8300818013713809,0.7645883588190406,0.83306840051243,0.5268037143243083,0.8242750639803913
2022-08-04,163.5855255126953,164.94701654031078,162.22403448507984,163.78283934395313,55474100,0.8389619481582669,0.7737626112883013,0.8104647241823423,0.5957025562177511,0.8462507829229329
2022-08-05,163.35829162597656,163.852268903255,161.03659239277184,161.24406948222443,56697000,0.8487162847205032,0.7819880159931089,0.8862241016233966,0.6080086887730209,0.8578690463803273
2022-08-08,162.8840789794922,165.7886680742243,162.22215117031726,164.36601096047863,60276900,0.8590303401349675,0.789047612922518,0.8367138287126946,0.5519373952239903,0.859821022479359
2022-08-09,162.93348693847656,163.82265521141719,161.28360440228838,162.04433374052826,63135500,0.8705330168569743,0.796122293405667,0.8145077805623494,0.3860928407715736,0.8571860273476899
2022-08-10,167.2014617919922,167.300248218732,164.88963629638937,165.6602397699261,70170500,0.8813021819443545,0.8057709557822746,0.8369846946918669,0.3811313278774075,0.8752259693450424
2022-08-11,166.4604949951172,168.93038177724253,166.16410556626363,168.01157605529576,57149200,0.890958343179151,0.8146542838594034,0.8527766437193016,0.31035349342860175,0.8804786816439711
2022-08-12,170.0269775390625,170.09612651590547,167.35948829676713,167.77444245778292,68039400,0.8993028389719337,0.8253823985700158,0.9190824584869163,0.3939207374377501,0.900402432082048
2022-08-15,171.10385131835938,171.30143921381386,169.2860185601938,169.45396902507963,54091700,0.9094229334479276,0.8357736348249861,0.9692898434663691,0.4347442953234944,0.9172889480809725
2022-08-16,170.94578552246094,171.6176024984577,169.5922925263229,170.6987968691516,56377100,0.9206804935439283,0.8453244730420694,0.9291587053132605,0.3723897057349578,0.9245078127784963
2022-08-17,172.44749450683594,174.02821296907027,170.49134843763704,170.6889363610423,79542000,0.9280346225789899,0.8549241627811018,0.9366576382657634,0.4248845619553934,0.9336066359385564
2022-08-18,172.0522918701172,172.79325783867927,171.03469981262458,171.6571160502139,62290100,0.9353203426992514,0.863370105066117,0.8712718984714971,0.4346287992392705,0.9331755542627949
2022-08-19,169.4539794921875,171.64723993968656,169.24650239040093,170.9457855312559,70346300,0.940565730827241,0.8708150034101328,0.8072992021376831,0.3901962303952116,0.912624491465575
2022-08-22,165.55157470703125,167.81398431506034,165.12674635116147,167.64603382669068,69026800,0.9428611322204552,0.8777221437160699,0.7264719905962986,0.3378165505945516,0.869051165530055
2022-08-23,165.2156219482422,166.67780541917176,164.64260654611934,165.06743480760215,54147100,0.9448249276360716,0.884228535706782,0.5878068531182519,0.282287768435036,0.8284288384542333
2022-08-24,165.51202392578125,166.08503937159992,164.24744331259177,165.30456191306502,53841500,0.9433711528495505,0.8909368507376324,0.6061483786636588,0.3052986648850812,0.7942148110908394
2022-08-25,167.98193359375,168.09060921191156,166.3221769618195,166.74699023963788,51218200,0.9446803629236049,0.8975016577264604,0.6725960127807094,0.29169296713030524,0.7778997938938395
2022-08-26,161.64913940429688,168.98965049238348,161.58986453568383,168.51543646848708,78961000,0.9374711662496884,0.9016211309081915,0.5224195303793552,0.3983875195764364,0.725216302698211
2022-08-29,159.43612670898438,160.93780692739824,157.89491986245918,159.20888628482342,73314000,0.9274309959703144,0.9059986781976276,0.47992181205178114,0.498990646771363,0.6683104711732151
2022-08-30,156.9958953857422,160.6019242494096,155.820226802932,160.17711093628972,77906200,0.9154270040147039,0.9084475755991076,0.33524242929400516,0.6006491787786408,0.6074395039268479
2022-08-31,155.3262176513672,158.6457455871262,155.24717947730267,158.3789936340322,87991100,0.900694008440649,0.9097723243422665,0.32329548109252365,0.6427696076010143,0.5485830176001102
2022-09-01,156.0573272705078,156.5117779795205,152.80694794412756,154.75321986205336,74229900,0.8869302135646882,0.9106245171788164,0.2352598752296009,0.6012002670326302,0.5057698010807776
2022-09-02,153.93321228027344,158.42840897250582,153.10333398862824,157.8257560303605,76957800,0.8735744693308096,0.9112077587927806,0.17831718230421625,0.5944385959333505,0.4596086865884304
2022-09-06,152.6686248779297,155.19778627085483,151.83874662243696,154.585259235847,73714800,0.862488588037307,0.9117482838570857,0.16988080619453666,0.6310687931656254,0.41628922957223125
2022-09-07,154.0814208984375,154.78286029004315,151.75972133468971,152.95515314889423,87449600,0.8529075190450712,0.9131267240889439,0.16683844189467975,0.608529616133122,0.3910732976110159
2022-09-08,152.59947204589844,154.47657973003214,150.84089901314317,152.77729663545207,84923800,0.8417961649502803,0.9124895627299082,0.15926140720942025,0.5578271503537389,0.3636960166831108
2022-09-09,155.47442626953125,155.9190179443951,152.88598978028585,153.5973183700772,68028800,0.8310333549329121,0.9125614262208123,0.2714092115579806,0.30628983318263137,0.3599708930455152
2022-09-12,161.46141052246094,162.28141463666398,157.38116833912534,157.66766853565863,104956000,0.8308718127296897,0.9129068899110261,0.4728020527176902,0.30079719933459004,0.3926999558298342
2022-09-13,151.9869384765625,158.60623156162632,151.52259858891705,157.97394119387377,122656600,0.8244617267188723,0.910661112731065,0.3584807364584797,0.28991381434632185,0.3647798649494024
2022-09-14,153.43923950195312,155.2076868276392,151.75971955478735,152.9254988454698,87965400,0.8214011959046905,0.9093105011434451,0.3798699029204017,0.2835261048420075,0.3524429493025768
2022-09-15,150.53463745117188,153.37007740177668,149.55657204599007,152.78717273127475,90481100,0.8172780028462441,0.9052298688113388,0.3072818045662437,0.3210704897914125,0.32742213565234046
2022-09-16,148.88475036621094,149.52692988033445,146.5828144140255,149.38861684382928,162278800,0.8111059430940639,0.9007419292870261,0.35010116714929956,0.3671072428918922,0.2999581690836334
2022-09-19,152.61924743652344,152.69828562649494,147.30406106713136,147.5115231251874,81474200,0.8099752658442974,0.8974634504047264,0.4466775913950584,0.36804977001393707,0.301830176132719
2022-09-20,155.0100860595703,156.17588044200602,151.23610695285475,151.5522446171644,107689800,0.8119901119049704,0.8950596313076139,0.518831645978414,0.3715779705301449,0.318944594120273
2022-09-21,151.86837768554688,156.8279138472632,151.7498279611601,155.4447684044589,101696800,0.8100857705327733,0.8916816093555578,0.4986817472059944,0.376558627046673,0.31601758907828703
2022-09-22,150.9001922607422,152.60934951167334,149.0922335190095,150.5445279988441,86652500,0.8086235266963395,0.8867050614458877,0.4746095852595141,0.3877027271994852,0.30991041736446845
2022-09-23,148.61801147460938,149.64549275752094,146.77054109426695,149.3688666601967,96029900,0.8027235269661672,0.8812580026203717,0.4726371482088442,0.4108374322073899,0.2938314145956556
2022-09-26,148.9539337158203,151.91779780340053,147.8375400855009,147.85730340041596,93339400,0.7919607432094189,0.874824699251704,0.4942651522063503,0.20209570263714316,0.28516583803993834
2022-09-27,149.93197631835938,152.85632840448,148.14378100395362,150.90018262642735,84442700,0.7901924318482259,0.8683612241172632,0.4872479423838713,0.20520996800812058,0.2860966959835193
2022-09-28,148.03512573242188,148.82549249195003,143.09535232911102,145.86162844996352,146691400,0.785542148757759,0.86136692248519,0.4818171466018027,0.2077480007188382,0.27801719855881496
2022-09-29,140.76377868652344,144.9527119597298,138.9854572462475,144.34018488168724,128138200,0.7771342466982638,0.8516943304558456,0.3547500998535178,0.4207075516177045,0.23209004675301134
2022-09-30,136.53530883789062,141.37629493121383,136.33772095295666,139.5782105058394,124925300,0.7665074535615897,0.8408514959558707,0.20665479744664628,0.661963317242565,0.17451707045952963
2022-10-03,140.734130859375,141.34667296717555,136.03147235346887,136.54521297049774,114311700,0.7562802157564652,0.8320837308191936,0.37244659772230465,0.6940855618433626,0.15689680526529293
2022-10-04,144.34017944335938,144.45872917658045,142.52233144235086,143.283060738833,87830100,0.7470986758351594,0.8256081907050782,0.41389773956901904,0.6066852073356461,0.16737341430124586
2022-10-05,144.6365509033203,145.6047572886982,141.28738533142962,142.33462989571538,79471000,0.7408756310894726,0.8193256902657572,0.4551089900309265,0.5523162214712816,0.18072738574449543
2022-10-06,143.67825317382812,145.76283831553877,143.47079111671093,144.05368080574547,68402200,0.7346610947846284,0.8126601476840855,0.4644928598928762,0.49874684405877895,0.18897454543163722
2022-10-07,138.402587890625,141.37634156346934,137.770297405285,140.82307419817684,85925600,0.7258706411449594,0.8036299902018041,0.3283885009976072,0.519082943122803,0.168320286896662
2022-10-10,138.7285919189453,140.18088647902582,136.90088483805593,138.7285919189453,74899000,0.7170716528038277,0.7966326699956657,0.28185632565797364,0.49354922480056257,0.15744344724670056
2022-10-11,137.30592346191406,139.6473860701425,136.55508340726573,138.21483986753802,77033700,0.7062068334085163,0.7898766307498472,0.2979696369474413,0.4166508478116676,0.1443035546877433
2022-10-12,136.6736297607422,138.66930218634442,136.49580517652515,137.45412230255747,70433700,0.6964301753193778,0.7836725293869454,0.30131002973589877,0.3388376353504269,0.13408162664929008
2022-10-13,141.2676239013672,141.86038757533703,132.75144558792866,133.36398764851756,113224000,0.6968637381536784,0.7793806387949062,0.42900436054249036,0.34073756791821586,0.15629111084389102
2022-10-14,136.71316528320312,142.77920605337536,136.52545149320736,142.5717289499613,88598000,0.697016785046368,0.7734751386915123,0.37034216789974167,0.3377427731235071,0.15109230529730788
2022-10-17,140.69464111328125,141.1787292981111,138.5804185280224,139.37078535171585,85250900,0.6969828038042369,0.7694335894402827,0.4234063052762665,0.33765631344134994,0.17352407384715873
2022-10-18,142.0184783935547,144.93294154385023,138.91630145112296,143.73752488075877,99136600,0.6949849614949395,0.7661822497748111,0.4659420157540582,0.30309103747789135,0.2020780576270183
2022-10-19,142.12716674804688,143.20403377580215,139.79559300378267,139.9833068127477,61758300,0.6928256163733495,0.7625327844132482,0.5710368646255142,0.2553480177459098,0.22812134597707406
2022-10-20,141.66281127929688,144.13269781047578,140.93171943907114,141.29727289667952,64522000,0.6910913125149074,0.7591939759742817,0.6431694511547337,0.21783295593809038,0.2486082282750779
2022-10-21,145.49607849121094,146.06909396950246,140.93171797792078,141.14906919641035,86548600,0.6971953178706558,0.7561477269883995,0.637447100419602,0.30103639298864143,0.28920125395505375
2022-10-24,147.64979553222656,148.42039882851472,144.2413555563383,145.41702381156975,75981900,0.7048720848816241,0.7519312355318869,0.613331397940705,0.4010232315271505,0.3354341382970522
2022-10-25,150.50498962402344,150.65319184865695,147.56088934284634,148.2820919294288,74732300,0.716229986806205,0.7514788174272599,0.6543729004193846,0.5019563442657311,0.3895893331379507
2022-10-26,147.55104064941406,150.15924045749748,146.25680732789058,149.14164832129399,88194300,0.7255900858124185,0.7496812332798933,0.6143416464505033,0.4677116329438417,0.4159566237971853
2022-10-27,143.05581665039062,147.25462333513107,142.39388893497147,146.2864321323527,109180200,0.7271288399648872,0.747398054662941,0.6294321775397922,0.4581040981053918,0.4113965531140811
2022-10-28,153.8640594482422,155.6028541694243,146.0394605904358,146.41487309870763,164762400,0.7418873214705404,0.7489181675692568,0.7492258247463025,0.4990211578957236,0.47058699265585796
2022-10-31,151.49295043945312,152.3821185991709,150.09005675633261,151.31512585250383,97943200,0.7511793529500121,0.7485743249651152,0.7326971444355956,0.5023330918456914,0.5033250585819041
2022-11-01,148.83535766601562,153.57754286316361,147.33367749566185,153.21200447728674,80379300,0.7570453320471231,0.7466892673859605,0.6996276430798352,0.4681021528555748,0.513319192487736
2022-11-02,143.28306579589844,150.337061596357,143.25342836154712,147.15584632605294,93604600,0.7580399924161958,0.7440682926295837,0.5730823669741343,0.4489508339898621,0.4887479926980498
2022-11-03,137.20713806152344,141.07991823906764,137.07869914103392,140.34882641665214,97918500,0.7542058500008229,0.7398879961120953,0.5543733671836849,0.5627934077927403,0.43436704143774374
2022-11-04,136.93995666503906,141.18530623843904,132.9815825695617,140.61134018259497,140814800,0.7468432387855384,0.7363228505177494,0.5006452053025587,0.6868298038628962,0.3906260076286384
2022-11-07,137.4743194580078,137.70192172217736,134.25814076431703,135.6831577399827,83374600,0.7380871602972987,0.7328182860279088,0.48955989923982696,0.7599645444959591,0.36032501050589816
2022-11-08,138.0482940673828,139.9582022856921,136.05921655660495,138.9488277817145,89908500,0.7273680742120392,0.7291903652729078,0.4961396084445245,0.763459573398177,0.3411268654331029
2022-11-09,133.4664764404297,137.1081885341623,133.18939145612384,137.05870583696503,74917800,0.7152481941408764,0.7247427619103725,0.4519616304592289,0.8429367807437256,0.30122259762941594
2022-11-10,145.34158325195312,145.34158325195312,138.0482844536757,139.7701824699572,118854000,0.7172151145702592,0.7261403011448043,0.5469763490244459,0.8511731247416388,0.3401071565003867
2022-11-11,148.14215087890625,148.44892246229622,142.86761546449372,144.30253818680043,93979700,0.7122913665146202,0.7296837064842693,0.5534819154982812,0.740705370024461,0.3881379943344667
2022-11-14,146.73690795898438,148.71609475648887,145.89574753004618,147.41972982012294,73374100,0.7081987539480297,0.7315162697561058,0.5097855261049369,0.6534024553147475,0.418621965054204
2022-11-15,148.4785919189453,151.99165162315202,147.01399786733145,150.63591345307688,89868300,0.7078917541712648,0.7327796687763631,0.5582914896477043,0.6466222229637233,0.45309234445438096
2022-11-16,147.24160766601562,148.31037043946992,145.75721744177326,147.57808092617586,64218300,0.7112981110887115,0.7335749559018298,0.5952651207822185,0.6833635040669124,0.4731785704697625
2022-11-17,149.15155029296875,149.90363600150542,144.62910024163597,144.90618524478106,80389400,0.7215763732782725,0.7352458763957855,0.48520308484705693,0.7036309460057721,0.4998476075998938
2022-11-18,149.71559143066406,151.11092186598808,148.4093358848275,150.72498101153658,74829600,0.73256990910195,0.7386995769809667,0.5236207515646356,0.690411512708603,0.5236370287290143
2022-11-21,146.46975708007812,148.8051987997997,146.18278155307905,148.59739258024902,58724100,0.7403105550707882,0.7410628456348097,0.51583285186757,0.6224736949735734,0.5230087713400055
2022-11-22,148.6171417236328,148.85464959506425,145.40096291048988,146.5884871676489,51804100,0.749405132949345,0.7445160011996735,0.6287466892369781,0.5457722569330976,0.5342449213402465
2022-11-23,149.49790954589844,150.2499952315402,147.7859017785828,147.8947576765046,58301400,0.7632003092660682,0.7484310731292251,0.7617822906090002,0.1134453916281157,0.5473708787042172
2022-11-25,146.56869506835938,147.33068629749027,145.5889920594768,146.7666107499522,35195900,0.7642562487916422,0.750049415466583,0.7033892188562001,0.08588604428932717,0.5399367925033278
2022-11-28,142.7191619873047,145.1139762138983,141.88790715162696,143.62958610733222,69246000,0.7595897235077762,0.7518829616383084,0.625853137417929,0.19900379938313428,0.5111912391726346
2022-11-29,139.70089721679688,143.3030165565869,138.88943848805135,142.78842376518924,83763800,0.7535351800295813,0.7515795856281567,0.5714915817262062,0.35186622769500553,0.4708524841682957
2022-11-30,146.48953247070312,147.17235443840406,139.08737692084236,139.92852238105422,111380900,0.7518235784770297,0.7529445354425871,0.7203932058549473,0.3449089919585496,0.47823810496976016
2022-12-01,146.76663208007812,147.57810612254133,145.08432589204557,146.6676817749002,71250400,0.7514148581891402,0.7543608988402871,0.5739983121698257,0.34401164188899475,0.4855170138361706
2022-12-02,146.27183532714844,146.4598605370813,144.13430941422868,144.4410961304354,65447400,0.7489368404452466,0.7557679689428326,0.5126083048965113,0.326597093398742,0.4881942682626263
2022-12-05,145.1041259765625,149.3494762152611,144.25307480866473,146.23226216656641,68826400,0.7449686375653612,0.7556483113625608,0.5169258019622142,0.2952818651595397,0.4833693628084164
2022-12-06,141.4228057861328,145.76712049590915,140.4431028192364,145.53951822683146,64727200,0.7406256956397175,0.7537472991288171,0.4201458748598677,0.33571840244166273,0.4582791860684967
2022-12-07,139.47329711914062,141.87800184878242,138.54307690109093,140.7102888771861,69721100,0.7327573442763788,0.7503794788391117,0.4102409042434674,0.36929471161808786,0.4275480860819029
2022-12-08,141.16554260253906,142.02649943429114,139.631684367813,140.87856705862325,62128300,0.7255872759260908,0.7484300762544563,0.40541821851621807,0.31754020141019945,0.41367215835054993
2022-12-09,140.6806182861328,144.05513580994875,139.43372078818393,140.8587378715548,76097000,0.7205205387951781,0.7477049616594221,0.386225783574477,0.3072552888885765,0.4006505796129379
2022-12-12,142.98634338378906,142.9962338809312,139.59203046458308,141.21496289563325,70462700,0.720750450522271,0.7443841482075145,0.48410432182249524,0.30706643174774867,0.4044810371728191
2022-12-13,143.9561767578125,148.40934778946271,142.73898090382795,147.94423760704595,93886200,0.7244121525771692,0.7420832773925684,0.4589909823385828,0.2759359529657747,0.4137953499663766
2022-12-14,141.7196807861328,145.13377507630975,139.69101124849232,143.83741010786554,82291200,0.7203076570800808,0.7399109614981171,0.40546037695422216,0.25118469815072286,0.40887732497247814
2022-12-15,135.07952880859375,140.3243780021143,134.6144186003004,139.64155598993895,98931900,0.7102508113070798,0.7374065372403736,0.3592543733770622,0.3392886983409878,0.3675624947075187
2022-12-16,133.1102294921875,136.21755278733633,132.33834769339256,135.26755138881947,160156900,0.6989251442934075,0.7361558087779213,0.38139303768350247,0.4196159797308682,0.32503986857568823
2022-12-19,130.99249267578125,133.79304421919323,129.95343153387856,133.70398442417286,79592600,0.6867819710524066,0.7343401318193362,0.39289583727641414,0.5065384851424024,0.2812026721641367
2022-12-20,130.9232177734375,131.86332854040518,128.5382939109211,130.02268410086938,77432800,0.6777469916506789,0.7323401727773798,0.19857503220498793,0.5837716356853238,0.24860499246003334
2022-12-21,134.04043579101562,135.3862835473447,131.36853637624424,131.5961386519474,85928000,0.67307197105628,0.7311166301146891,0.2905491324240057,0.5992147173391165,0.24349337051229294
2022-12-22,130.8539276123047,133.1596819856588,128.94401964853728,132.95187583312276,77852100,0.6641987439427337,0.7303190557672067,0.2626153586876853,0.626456990576586,0.22375523744382114
2022-12-23,130.48779296875,131.04196288495316,128.29089430094626,129.55757270940995,63814900,0.6554277362920895,0.7257844028775745,0.270423144204984,0.635954920082435,0.2089875899696264
2022-12-27,128.67684936523438,130.04249330967795,127.38048421797244,130.01280671088563,69007800,0.6431143023220645,0.7198419205835874,0.29032511892275,0.5904550786224094,0.1899810271338464
2022-12-28,124.7283706665039,129.66644031626882,124.56014157673225,128.3205924980965,85438400,0.626568621504366,0.7131230242394818,0.2691433052349457,0.5121662615385445,0.1555883050232681
2022-12-29,128.26119995117188,129.1221413689379,126.4007670949665,126.65805594050661,75703700,0.6149874911804529,0.7069509393265042,0.3177604502305841,0.321925197305052,0.15251831458055443
2022-12-30,128.577880859375,128.59767695809086,126.10390456985758,127.073709556948,77034200,0.6093927711564435,0.701253166496714,0.33097897756036304,0.2735374816145715,0.15554483460217394
